trip_duration_days,miles_traveled,total_receipts_amount,reimbursement,index,dataset,z_score_outliers,iqr_outliers,isolation_forest_outliers,consensus_outliers,isolation_forest_score,prediction_error,high_error_outlier,outlier_consensus_count,consensus_outlier
6,164.0,1460.21,1535.3,0,train,False,False,False,False,0.06821144475331575,,False,0,False
14,545.0,1206.76,1977.89,1,train,False,False,False,False,0.020509685387264276,,False,0,False
3,560.0,1664.15,1419.48,2,train,False,False,False,False,0.0755255820917407,,False,0,False
5,406.0,1084.16,1399.39,3,train,False,False,False,False,0.09338345716459368,,False,0,False
5,446.0,219.98,788.62,4,train,False,False,False,False,0.059825777931704516,,False,0,False
9,800.0,2167.72,1726.51,5,train,False,False,False,False,0.07448215785156448,,False,0,False
2,565.0,389.49,415.96,6,train,False,False,False,False,0.0571062761381852,,False,0,False
8,1134.0,1049.84,2073.13,7,train,False,False,False,False,0.052082169388194655,,False,0,False
10,860.0,2380.76,1759.97,8,train,False,False,False,False,0.04488315211738858,,False,0,False
10,692.0,1671.71,1701.23,9,train,False,False,False,False,0.08752813593386982,,False,0,False
5,291.0,1279.7,1477.12,10,train,False,False,False,False,0.08791813824246347,,False,0,False
13,137.0,1505.66,1777.72,11,train,False,False,False,False,0.005325589046219603,,False,0,False
11,458.0,1364.29,1649.04,12,train,False,False,False,False,0.0762200990711292,,False,0,False
5,1080.0,2383.82,1664.76,13,train,False,False,False,False,0.009154095865698264,,False,0,False
6,668.0,1922.45,1796.98,14,train,False,False,False,False,0.07869977464916816,,False,0,False
3,712.0,512.23,751.16,15,train,False,False,False,False,0.09073924878797174,,False,0,False
8,1142.0,776.74,1827.44,16,train,False,False,False,False,0.047289904689511,,False,0,False
10,358.0,2066.62,1624.11,17,train,False,False,False,False,0.06271553673905073,,False,0,False
9,896.0,1398.54,1727.1,18,train,False,False,False,False,0.08945947773104096,,False,0,False
5,763.0,1420.94,1777.14,19,train,False,False,False,False,0.10916763688028697,,False,0,False
13,799.0,951.92,1793.36,20,train,False,False,False,False,0.05044171218085758,,False,0,False
5,351.0,407.74,883.11,21,train,False,False,False,False,0.0879336634754263,,False,0,False
13,112.0,2299.56,1807.67,22,train,False,False,True,True,-0.014478051896082866,,False,1,False
2,251.0,1916.43,1285.2,23,train,False,False,False,False,0.03661709781920741,,False,0,False
8,801.0,1241.21,1780.65,24,train,False,False,False,False,0.11005067741002866,,False,0,False
8,1182.0,990.07,1840.75,25,train,False,False,False,False,0.031850967943868436,,False,0,False
11,816.0,544.99,1077.12,26,train,False,False,False,False,0.06857395994579618,,False,0,False
5,504.0,1502.63,1628.66,27,train,False,False,False,False,0.09091764862505541,,False,0,False
14,777.0,1248.61,1837.25,28,train,False,False,False,False,0.02842394285947991,,False,0,False
3,289.0,853.79,969.85,29,train,False,False,False,False,0.08292270534300422,,False,0,False
14,457.0,848.61,1492.64,30,train,False,False,False,False,0.0061235846937646166,,False,0,False
7,83.0,137.84,482.65,31,train,False,False,False,False,0.027215532949377952,,False,0,False
10,958.0,1643.76,1827.18,32,train,False,False,False,False,0.07973191490547277,,False,0,False
3,1187.0,1632.14,1451.85,33,train,False,False,False,False,0.012890009030449678,,False,0,False
11,198.0,269.95,695.66,34,train,False,False,False,False,0.024257648163985568,,False,0,False
4,825.0,874.99,784.52,35,train,False,False,False,False,0.09681318708306264,,False,0,False
1,547.0,573.6,616.27,36,train,False,False,False,False,0.03784668798528845,,False,0,False
2,570.0,2297.12,1423.86,37,train,False,False,False,False,0.014310826663227916,,False,0,False
12,765.0,1343.97,1953.03,38,train,False,False,False,False,0.08477066618555806,,False,0,False
13,235.0,426.07,897.26,39,train,False,False,False,False,0.01880821835210389,,False,0,False
10,223.0,745.89,1037.45,40,train,False,False,False,False,0.07096419319910735,,False,0,False
11,706.0,1508.23,2030.59,41,train,False,False,False,False,0.09671966226119588,,False,0,False
4,275.0,2359.64,1483.58,42,train,False,False,False,False,0.060081995949385014,,False,0,False
10,478.0,2091.79,1568.41,43,train,False,False,False,False,0.08276169495468405,,False,0,False
7,690.0,1807.71,1710.98,44,train,False,False,False,False,0.08532789457277956,,False,0,False
9,938.0,742.17,1632.1,45,train,False,False,False,False,0.07772719705263087,,False,0,False
4,87.0,2463.92,1413.52,46,train,False,False,False,False,0.010509449631834089,,False,0,False
12,528.0,2476.41,1662.88,47,train,False,False,False,False,0.025620628509241294,,False,0,False
14,595.0,2140.61,1989.13,48,train,False,False,False,False,0.02511137264061669,,False,0,False
7,237.33,1262.27,1452.17,49,train,False,False,False,False,0.07705730769338709,,False,0,False
10,1009.0,2164.22,1889.87,50,train,False,False,False,False,0.07453083737876931,,False,0,False
8,916.0,2417.62,1755.05,51,train,False,False,False,False,0.039628697219938114,,False,0,False
2,89.0,13.85,234.2,52,train,False,False,False,False,0.014252127376132906,,False,0,False
9,524.0,474.75,935.4,53,train,False,False,False,False,0.07425618423799635,,False,0,False
3,196.0,1211.68,1229.87,54,train,False,False,False,False,0.07727170781038778,,False,0,False
13,1140.0,1607.8,2214.64,55,train,False,False,False,False,0.011489149002730126,,False,0,False
4,348.0,2047.08,1507.04,56,train,False,False,False,False,0.0709306580021532,,False,0,False
9,223.0,1916.03,1623.73,57,train,False,False,False,False,0.05003291235769003,,False,0,False
14,47.0,1667.14,1745.18,58,train,False,False,True,True,-0.038071111355594045,,False,1,False
8,107.0,2450.89,1468.19,59,train,False,False,True,True,-0.0020034744975602203,,False,1,False
1,467.0,296.49,221.23,60,train,False,False,False,False,0.030362250980136785,,False,0,False
9,868.0,62.12,1022.81,61,train,False,False,False,False,0.01254713208070124,,False,0,False
12,1135.0,475.95,1447.39,62,train,False,False,False,False,0.0048356058561755955,,False,0,False
5,651.0,1573.3,1682.08,63,train,False,False,False,False,0.1010781302625744,,False,0,False
13,247.0,2339.61,1705.9,64,train,False,False,True,True,-0.003880383977809987,,False,1,False
4,231.0,20.39,499.26,65,train,False,False,False,False,0.027780407753794756,,False,0,False
9,1155.0,1346.4,2248.12,66,train,False,False,False,False,0.029919246591188275,,False,0,False
1,133.0,8.34,179.06,67,train,False,False,True,True,-0.0067210632489804745,,False,1,False
6,597.0,888.84,1395.65,68,train,False,False,False,False,0.10051127764492485,,False,0,False
1,55.0,3.6,126.06,69,train,False,False,True,True,-0.011352637466141013,,False,1,False
5,764.0,848.75,1468.46,70,train,False,False,False,False,0.11430123092007077,,False,0,False
3,158.0,1070.74,1183.16,71,train,False,False,False,False,0.06441749023262178,,False,0,False
14,616.0,2374.41,1828.37,72,train,False,False,True,True,-0.0026855373022889317,,False,1,False
14,592.0,1268.36,1930.24,73,train,False,False,False,False,0.02065817863610886,,False,0,False
3,98.0,871.46,866.05,74,train,False,False,False,False,0.05023579559810021,,False,0,False
3,504.0,63.39,568.17,75,train,False,False,False,False,0.019379634209721885,,False,0,False
14,555.0,313.73,1201.26,76,train,False,False,True,True,-0.02377942785773912,,False,1,False
12,437.0,639.96,1183.74,77,train,False,False,False,False,0.05430830169195966,,False,0,False
7,817.0,1127.87,1809.91,78,train,False,False,False,False,0.10026194694795493,,False,0,False
4,724.0,89.99,667.98,79,train,False,False,False,False,0.0349540201689057,,False,0,False
13,1186.0,2462.26,1906.35,80,train,False,False,True,True,-0.045701514670914656,,False,1,False
1,869.0,1498.88,1398.94,81,train,False,False,False,False,0.04958771005279494,,False,0,False
4,470.0,1968.63,1501.1,82,train,False,False,False,False,0.07340986531606197,,False,0,False
9,51.0,314.81,704.94,83,train,False,False,False,False,0.02391566493627717,,False,0,False
10,753.0,2054.02,1779.08,84,train,False,False,False,False,0.09838458183460741,,False,0,False
12,46.0,2077.07,1666.29,85,train,False,False,False,False,0.003236801603699546,,False,0,False
13,1152.0,864.45,1797.14,86,train,False,False,True,True,-0.005225029597382247,,False,1,False
10,831.0,39.86,982.64,87,train,False,False,True,True,-0.002777224909208842,,False,1,False
7,344.0,1242.05,1514.4,88,train,False,False,False,False,0.08548939372034697,,False,0,False
5,708.0,1129.52,1654.62,89,train,False,False,False,False,0.10987838089184093,,False,0,False
12,1189.0,1453.16,2162.13,90,train,False,False,False,False,0.011550418175691135,,False,0,False
11,623.0,2265.21,1739.18,91,train,False,False,False,False,0.09108359102239433,,False,0,False
6,425.0,709.75,1114.9,92,train,False,False,False,False,0.08460223699624897,,False,0,False
12,1070.0,1055.51,2030.76,93,train,False,False,False,False,0.035745648744527125,,False,0,False
5,751.0,407.43,1063.46,94,train,False,False,False,False,0.10833291185848948,,False,0,False
13,70.0,993.7,1492.02,95,train,False,False,False,False,0.015012267273421198,,False,0,False
9,1102.0,540.6,1455.85,96,train,False,False,False,False,0.04739127394291198,,False,0,False
5,96.0,1105.47,1312.16,97,train,False,False,False,False,0.06647388586359093,,False,0,False
6,803.0,465.6,1012.0,98,train,False,False,False,False,0.10423687882895,,False,0,False
12,158.0,2195.67,1625.46,99,train,False,False,False,False,0.02475217583913092,,False,0,False
7,1033.0,1013.03,2119.83,100,train,False,False,False,False,0.07252708508808176,,False,0,False
5,72.0,977.67,1156.55,101,train,False,False,False,False,0.06655704335664114,,False,0,False
1,1002.0,2320.13,1475.4,102,train,False,False,True,True,-0.020611808603853365,,False,1,False
10,498.0,992.86,1395.03,103,train,False,False,False,False,0.08462984216734454,,False,0,False
12,713.0,1642.01,1873.19,104,train,False,False,False,False,0.08643912467400605,,False,0,False
13,997.0,920.48,2124.16,105,train,False,False,False,False,0.038093657153293936,,False,0,False
7,759.0,1694.02,1960.92,106,train,False,False,False,False,0.09143881142418447,,False,0,False
3,1074.0,247.32,636.02,107,train,False,False,False,False,0.036498699854731975,,False,0,False
12,64.0,1641.01,1710.72,108,train,False,False,False,False,0.018061952252324542,,False,0,False
4,730.0,799.25,1250.66,109,train,False,False,False,False,0.1042241125670807,,False,0,False
14,174.0,815.3,1295.14,110,train,False,False,True,True,-0.0004317055388259883,,False,1,False
11,772.0,932.31,1575.52,111,train,False,False,False,False,0.08462291343980866,,False,0,False
4,256.0,2218.74,1476.03,112,train,False,False,False,False,0.07032532198932484,,False,0,False
5,595.0,863.93,1231.67,113,train,False,False,False,False,0.11289189269322825,,False,0,False
8,1159.0,2175.27,1752.18,114,train,False,False,False,False,0.028967200988389674,,False,0,False
1,482.0,1697.08,1198.24,115,train,False,False,False,False,0.02727744479353489,,False,0,False
13,658.0,559.48,1573.12,116,train,False,False,False,False,0.031296229929031694,,False,0,False
12,178.0,507.59,907.19,117,train,False,False,False,False,0.043781080747932966,,False,0,False
14,1056.0,2489.69,1894.16,118,train,False,False,True,True,-0.03566327163887417,,False,1,False
6,835.0,1404.28,1765.79,119,train,False,False,False,False,0.0964962931272273,,False,0,False
1,436.0,1358.14,1154.03,120,train,False,False,False,False,0.044317840931797026,,False,0,False
5,828.0,1606.84,1690.82,121,train,False,False,False,False,0.10099237585751392,,False,0,False
4,1065.0,119.34,781.82,122,train,False,False,False,False,0.02169095671509691,,False,0,False
1,420.0,2273.6,1220.35,123,train,False,False,True,True,-4.425096361004854e-06,,False,1,False
14,865.0,2497.16,1885.87,124,train,False,False,True,True,-0.02012016151199203,,False,1,False
5,831.0,591.65,1090.31,125,train,False,False,False,False,0.10971063225959649,,False,0,False
2,299.0,1612.7,1282.8,126,train,False,False,False,False,0.05613795561008883,,False,0,False
5,691.0,1030.64,1465.26,127,train,False,False,False,False,0.11342307272257418,,False,0,False
14,343.0,2013.4,1839.05,128,train,False,False,False,False,0.01613554664136374,,False,0,False
1,678.0,1478.57,1370.31,129,train,False,False,False,False,0.0472788614504982,,False,0,False
2,762.0,519.74,752.69,130,train,False,False,False,False,0.0701378572853939,,False,0,False
14,805.0,834.06,1683.49,131,train,False,False,False,False,0.0071956819367119396,,False,0,False
4,180.0,2365.46,1443.02,132,train,False,False,False,False,0.04484092422479913,,False,0,False
9,72.0,1281.32,1515.54,133,train,False,False,False,False,0.05017832097163266,,False,0,False
14,512.0,526.84,1306.64,134,train,False,False,True,True,-0.0020724645273564324,,False,1,False
4,1001.0,739.08,1116.31,135,train,False,False,False,False,0.06306381285237195,,False,0,False
2,958.0,1855.58,1549.54,136,train,False,False,False,False,0.017797126013727405,,False,0,False
3,795.0,450.85,743.94,137,train,False,False,False,False,0.0887766728593426,,False,0,False
10,1187.0,1981.09,2013.21,138,train,False,False,False,False,0.027280195653538675,,False,0,False
7,151.0,2461.93,1516.58,139,train,False,False,False,False,0.010198696359429382,,False,0,False
5,659.0,2083.15,1645.06,140,train,False,False,False,False,0.08207966378045922,,False,0,False
1,1041.0,1630.25,1466.95,141,train,False,False,False,False,0.011139204117477375,,False,0,False
3,280.0,1090.37,1256.92,142,train,False,False,False,False,0.07785491224969132,,False,0,False
11,667.0,1915.95,1732.2,143,train,False,False,False,False,0.09374280955087572,,False,0,False
1,553.0,1687.11,1295.34,144,train,False,False,False,False,0.03043463287066006,,False,0,False
6,577.0,897.74,1257.31,145,train,False,False,False,False,0.09137967249740075,,False,0,False
7,336.0,1843.58,1691.68,146,train,False,False,False,False,0.06709365103038267,,False,0,False
6,84.0,852.7,1109.32,147,train,False,False,False,False,0.051799584504309104,,False,0,False
3,621.0,214.08,779.66,148,train,False,False,False,False,0.05726137658186725,,False,0,False
12,852.0,1957.9,1944.89,149,train,False,False,False,False,0.07820644229976736,,False,0,False
5,579.0,1018.52,1468.01,150,train,False,False,False,False,0.10573467197072833,,False,0,False
10,454.0,2359.42,1619.0,151,train,False,False,False,False,0.05153744053328857,,False,0,False
5,503.0,2335.55,1649.42,152,train,False,False,False,False,0.05646844587677036,,False,0,False
7,981.0,658.85,1351.69,153,train,False,False,False,False,0.07746584411920066,,False,0,False
11,398.0,723.39,1154.77,154,train,False,False,False,False,0.06640269054866454,,False,0,False
11,844.0,1962.77,1787.57,155,train,False,False,False,False,0.09162406766591608,,False,0,False
5,285.0,974.73,1282.84,156,train,False,False,False,False,0.09927712035445779,,False,0,False
9,524.0,2367.12,1640.78,157,train,False,False,False,False,0.05080646048430992,,False,0,False
1,1112.0,2011.44,1423.85,158,train,False,False,True,True,-0.020255083158046916,,False,1,False
10,532.0,1223.36,1631.49,159,train,False,False,False,False,0.092419027557191,,False,0,False
5,104.0,281.67,464.68,160,train,False,False,False,False,0.05901140627494217,,False,0,False
11,558.0,1549.86,1823.47,161,train,False,False,False,False,0.0877246562154208,,False,0,False
13,855.0,1798.75,1951.77,162,train,False,False,False,False,0.05273253518953103,,False,0,False
3,139.0,2428.89,1345.66,163,train,False,False,False,False,0.0007951100371518249,,False,0,False
5,247.0,296.51,594.93,164,train,False,False,False,False,0.08231314130525946,,False,0,False
5,1143.0,1217.72,1745.09,165,train,False,False,False,False,0.03248305046025779,,False,0,False
7,671.0,1297.02,1703.2,166,train,False,False,False,False,0.09836428514756951,,False,0,False
13,1199.0,493.0,1634.13,167,train,False,False,True,True,-0.01693871426288618,,False,1,False
7,1161.0,1499.97,1862.45,168,train,False,False,False,False,0.04148714428158262,,False,0,False
3,1007.56,187.52,764.64,169,train,False,False,False,False,0.03666635417591624,,False,0,False
5,517.0,919.25,1288.31,170,train,False,False,False,False,0.10623090553655573,,False,0,False
7,670.0,1558.02,1702.81,171,train,False,False,False,False,0.099446093601949,,False,0,False
13,608.0,370.89,1170.54,172,train,False,False,False,False,0.022006209919558373,,False,0,False
5,873.0,1584.53,1796.7,173,train,False,False,False,False,0.09650091458031301,,False,0,False
11,512.0,2016.19,1710.53,174,train,False,False,False,False,0.09432167700219618,,False,0,False
9,597.0,625.99,990.84,175,train,False,False,False,False,0.08302238219866376,,False,0,False
4,1191.0,999.45,1478.93,176,train,False,False,False,False,0.018498057720245598,,False,0,False
6,233.7,346.98,648.57,177,train,False,False,False,False,0.07412527666199781,,False,0,False
1,170.0,2452.85,1209.08,178,train,False,False,True,True,-0.03202032055254611,,False,1,False
5,895.0,2329.69,1791.96,179,train,False,False,False,False,0.0541904170521893,,False,0,False
2,500.0,1246.48,1264.53,180,train,False,False,False,False,0.06403922815256724,,False,0,False
12,959.0,1947.82,1833.24,181,train,False,False,False,False,0.06877632941395573,,False,0,False
6,825.0,1692.73,1817.77,182,train,False,False,False,False,0.09222385090022106,,False,0,False
2,384.0,495.49,290.36,183,train,False,False,False,False,0.052652642522462934,,False,0,False
1,793.0,2171.07,1421.36,184,train,False,False,False,False,0.01832527559251007,,False,0,False
12,965.0,1700.28,1879.09,185,train,False,False,False,False,0.06858868263044526,,False,0,False
14,383.0,97.95,1203.93,186,train,False,False,True,True,-0.05542151997457567,,False,1,False
1,682.0,1517.04,1376.04,187,train,False,False,False,False,0.05017413435546114,,False,0,False
4,84.0,2243.12,1392.1,188,train,False,False,False,False,0.028215169715259836,,False,0,False
11,496.0,373.98,1152.99,189,train,False,False,False,False,0.054509662591968544,,False,0,False
1,37.0,1397.17,1092.94,190,train,False,False,True,True,-0.012594934923877199,,False,1,False
5,794.0,511.0,1139.94,191,train,False,False,False,False,0.10785294660902023,,False,0,False
5,116.0,478.1,624.04,192,train,False,False,False,False,0.07997021096631213,,False,0,False
14,467.0,2176.26,1809.83,193,train,False,False,False,False,0.019922701088999628,,False,0,False
8,638.0,1007.48,1483.06,194,train,False,False,False,False,0.10304898466076295,,False,0,False
3,29.0,1632.85,1269.1,195,train,False,False,False,False,0.005627974288886173,,False,0,False
9,52.0,350.58,601.81,196,train,False,False,False,False,0.025386609979618613,,False,0,False
12,566.0,2013.7,1752.03,197,train,False,False,False,False,0.08050288292338648,,False,0,False
1,620.0,973.91,1112.02,198,train,False,False,False,False,0.04936046799056104,,False,0,False
9,1080.0,539.51,1306.91,199,train,False,False,False,False,0.053990414562877675,,False,0,False
7,316.0,141.89,837.8,200,train,False,False,False,False,0.04394530605699776,,False,0,False
8,123.0,612.55,851.24,201,train,False,False,False,False,0.0555036645965149,,False,0,False
9,816.0,1171.81,1780.58,202,train,False,False,False,False,0.091261484052308,,False,0,False
3,289.0,1245.67,1279.31,203,train,False,False,False,False,0.08067997971648688,,False,0,False
6,194.0,914.25,1168.72,204,train,False,False,False,False,0.0819957344806394,,False,0,False
7,1006.0,1181.33,2279.82,205,train,False,False,False,False,0.08670600612050589,,False,0,False
6,135.0,2488.22,1561.2,206,train,False,False,True,True,-0.0013572471883851467,,False,1,False
3,624.0,1160.92,1459.34,207,train,False,False,False,False,0.09688724888968048,,False,0,False
11,293.0,285.14,966.87,208,train,False,False,False,False,0.04039685575308338,,False,0,False
8,1090.0,419.76,1189.47,209,train,False,False,False,False,0.04684853914701159,,False,0,False
1,1082.0,1809.49,446.94,210,train,False,False,False,False,0.003918288242471868,,False,0,False
12,380.0,1526.79,1787.41,211,train,False,False,False,False,0.06724226337477346,,False,0,False
9,803.0,880.17,1589.75,212,train,False,False,False,False,0.09443931550816625,,False,0,False
12,211.0,1048.29,1579.73,213,train,False,False,False,False,0.05756805075441973,,False,0,False
14,94.0,105.94,1180.63,214,train,False,False,True,True,-0.07099173592893138,,False,1,False
7,150.0,1379.35,1500.09,215,train,False,False,False,False,0.06535229719404945,,False,0,False
10,472.0,431.95,924.65,216,train,False,False,False,False,0.07023051514494594,,False,0,False
2,875.0,393.25,640.56,217,train,False,False,False,False,0.052164486664309506,,False,0,False
5,117.0,953.06,1116.8,218,train,False,False,False,False,0.07191102195517457,,False,0,False
8,752.0,1519.78,1662.92,219,train,False,False,False,False,0.10690079580051337,,False,0,False
6,222.08,709.07,1031.34,220,train,False,False,False,False,0.08704519764645818,,False,0,False
13,1062.0,869.28,2090.54,221,train,False,False,False,False,0.020332417108434475,,False,0,False
9,913.0,1021.29,1964.86,222,train,False,False,False,False,0.08940130137130176,,False,0,False
5,811.0,952.39,1608.6,223,train,False,False,False,False,0.11121873214974648,,False,0,False
4,840.0,1375.42,1580.95,224,train,False,False,False,False,0.0905658449344266,,False,0,False
8,161.15,1230.37,1499.24,225,train,False,False,False,False,0.08159894365405368,,False,0,False
8,633.0,1308.36,1639.12,226,train,False,False,False,False,0.10537889088440339,,False,0,False
2,993.0,54.24,715.19,227,train,False,False,True,True,-0.012134573582265107,,False,1,False
12,59.0,2247.39,1629.92,228,train,False,False,False,False,0.0029250278845143196,,False,0,False
12,657.0,322.5,1113.16,229,train,False,False,False,False,0.045216870453479996,,False,0,False
1,76.0,13.74,158.35,230,train,False,False,True,True,-0.002536740454966213,,False,1,False
11,67.0,2455.53,1572.91,231,train,False,False,True,True,-0.014744161171815207,,False,1,False
3,1109.0,2092.26,1436.66,232,train,False,False,False,False,0.01656076720933264,,False,0,False
11,960.0,383.64,1248.46,233,train,False,False,False,False,0.043075629404913385,,False,0,False
12,931.0,864.21,1663.58,234,train,False,False,False,False,0.0632669111670221,,False,0,False
6,333.0,1254.68,1585.02,235,train,False,False,False,False,0.07938340998052984,,False,0,False
8,534.0,429.88,916.02,236,train,False,False,False,False,0.0827277523603267,,False,0,False
4,1113.0,2103.82,1695.08,237,train,False,False,False,False,0.02006175838083446,,False,0,False
10,797.0,1706.73,1724.42,238,train,False,False,False,False,0.09511501032374986,,False,0,False
1,59.0,8.31,120.65,239,train,False,False,True,True,-0.004004130772981673,,False,1,False
7,623.0,1894.02,1739.49,240,train,False,False,False,False,0.08473382873552371,,False,0,False
1,931.0,327.97,609.73,241,train,False,False,False,False,0.025450344897364197,,False,0,False
8,888.0,2296.07,1718.71,242,train,False,False,False,False,0.06997655436545841,,False,0,False
8,177.0,486.06,751.58,243,train,False,False,False,False,0.07691899477075653,,False,0,False
8,1064.0,1756.52,1857.04,244,train,False,False,False,False,0.06770815858606394,,False,0,False
8,342.0,2259.06,1502.02,245,train,False,False,False,False,0.06252830315868518,,False,0,False
3,88.0,5.78,380.37,246,train,False,False,False,False,0.024248468564520564,,False,0,False
13,360.0,271.93,1017.64,247,train,False,False,False,False,0.0017555774515544131,,False,0,False
5,130.0,306.9,574.1,248,train,False,False,False,False,0.06836940818553361,,False,0,False
8,962.0,1929.63,1897.19,249,train,False,False,False,False,0.07177853776533583,,False,0,False
5,770.0,873.33,1502.49,250,train,False,False,False,False,0.11735144069578735,,False,0,False
2,933.0,1589.58,1489.99,251,train,False,False,False,False,0.03345350676130421,,False,0,False
3,70.0,631.88,564.16,252,train,False,False,False,False,0.0485785986928442,,False,0,False
13,529.0,1767.79,2015.18,253,train,False,False,False,False,0.0544186191915883,,False,0,False
12,379.0,1897.29,1682.98,254,train,False,False,False,False,0.0565048010730953,,False,0,False
1,1115.0,926.13,1192.88,255,train,False,False,False,False,0.008617688802699974,,False,0,False
10,314.0,1098.8,1539.1,256,train,False,False,False,False,0.08339273324217433,,False,0,False
13,1167.0,1074.36,2197.33,257,train,False,False,True,True,-0.007818276958416193,,False,1,False
13,774.0,206.45,1110.0,258,train,False,False,True,True,-0.004679102484513642,,False,1,False
7,987.0,2164.1,1839.67,259,train,False,False,False,False,0.06541464698113053,,False,0,False
10,783.0,158.93,993.55,260,train,False,False,False,False,0.03073064252820612,,False,0,False
6,420.0,386.77,929.16,261,train,False,False,False,False,0.07474279111019494,,False,0,False
13,36.0,808.38,1190.16,262,train,False,False,False,False,0.002700966086214951,,False,0,False
6,957.0,727.75,1448.72,263,train,False,False,False,False,0.07883889011960465,,False,0,False
10,215.0,2440.91,1638.66,264,train,False,False,False,False,0.021533936645601104,,False,0,False
10,728.0,226.53,1060.47,265,train,False,False,False,False,0.048032223640554705,,False,0,False
12,128.0,477.17,874.99,266,train,False,False,False,False,0.030409052586880425,,False,0,False
14,267.0,2090.21,1968.4,267,train,False,False,False,False,0.003675675319050997,,False,0,False
9,800.0,39.96,1158.68,268,train,False,False,True,True,-0.0011665247678190882,,False,1,False
10,1026.0,828.82,1865.67,269,train,False,False,False,False,0.06219340230568715,,False,0,False
12,218.0,486.02,1005.67,270,train,False,False,False,False,0.051835626077815666,,False,0,False
5,125.0,96.38,570.99,271,train,False,False,False,False,0.03230331502817041,,False,0,False
3,177.0,18.73,430.86,272,train,False,False,False,False,0.025184634818163687,,False,0,False
7,635.0,1406.31,1630.66,273,train,False,False,False,False,0.0902894652269991,,False,0,False
8,275.0,2347.09,1454.47,274,train,False,False,False,False,0.05220572637860299,,False,0,False
10,424.0,474.99,831.96,275,train,False,False,False,False,0.07664017801357093,,False,0,False
2,543.0,103.37,544.12,276,train,False,False,False,False,0.026171522777750256,,False,0,False
1,140.0,255.99,150.34,277,train,False,False,False,False,0.004562373715425672,,False,0,False
3,781.0,1801.38,1586.21,278,train,False,False,False,False,0.07651079462062116,,False,0,False
3,1092.0,1737.65,1462.01,279,train,False,False,False,False,0.03665158715867811,,False,0,False
6,818.0,1130.38,1704.06,280,train,False,False,False,False,0.10236729814721712,,False,0,False
8,795.0,1645.99,644.69,281,train,False,False,False,False,0.09782599967179334,,False,0,False
4,842.0,2464.29,1611.66,282,train,False,False,False,False,0.031373717616582586,,False,0,False
7,901.0,136.8,1222.6,283,train,False,False,False,False,0.041887747377154616,,False,0,False
11,741.0,1872.39,1847.08,284,train,False,False,False,False,0.0858392265408307,,False,0,False
11,1013.0,1483.3,1952.8,285,train,False,False,False,False,0.07037661629826497,,False,0,False
8,1012.0,2390.84,1732.12,286,train,False,False,False,False,0.02605221355461662,,False,0,False
1,698.0,1525.82,1398.75,287,train,False,False,False,False,0.05147156557147492,,False,0,False
1,620.0,490.45,678.74,288,train,False,False,False,False,0.0445929613365974,,False,0,False
5,332.0,218.03,801.73,289,train,False,False,False,False,0.05628420349745766,,False,0,False
8,482.0,1411.49,631.81,290,train,False,False,False,False,0.09141159572940427,,False,0,False
12,757.0,897.4,1780.07,291,train,False,False,False,False,0.0721291711344974,,False,0,False
9,768.0,1815.6,1666.18,292,train,False,False,False,False,0.0911585010452558,,False,0,False
1,979.0,1292.54,1313.53,293,train,False,False,False,False,0.026157179703666267,,False,0,False
8,415.0,1214.97,1473.75,294,train,False,False,False,False,0.09729448346842112,,False,0,False
7,1071.0,841.11,1699.9,295,train,False,False,False,False,0.06325985282085556,,False,0,False
2,202.0,21.24,356.17,296,train,False,False,False,False,0.015864820274744562,,False,0,False
11,312.0,2072.39,1586.22,297,train,False,False,False,False,0.0623314918634198,,False,0,False
7,313.0,2408.02,1637.65,298,train,False,False,False,False,0.04037011540601798,,False,0,False
1,481.0,1792.17,1215.84,299,train,False,False,False,False,0.028240021271341842,,False,0,False
5,730.0,485.73,991.49,300,train,False,False,False,False,0.11216839103094683,,False,0,False
10,877.0,1711.12,1897.37,301,train,False,False,False,False,0.09355308337645463,,False,0,False
5,1160.0,1901.83,1673.89,302,train,False,False,False,False,0.023934362533259645,,False,0,False
12,104.0,1300.05,1779.92,303,train,False,False,False,False,0.04181359709869281,,False,0,False
11,708.0,1871.77,1916.37,304,train,False,False,False,False,0.08997751892582073,,False,0,False
7,953.0,1918.24,1833.56,305,train,False,False,False,False,0.06880269413480855,,False,0,False
5,865.0,644.79,1202.46,306,train,False,False,False,False,0.10099718585384898,,False,0,False
7,381.0,2106.96,1705.27,307,train,False,False,False,False,0.05495650496703042,,False,0,False
13,1024.0,1712.85,2097.69,308,train,False,False,False,False,0.034621942677903195,,False,0,False
1,909.0,741.82,866.07,309,train,False,False,False,False,0.03075874386573141,,False,0,False
5,152.0,2444.81,1523.75,310,train,False,False,False,False,0.01680719497137273,,False,0,False
3,555.0,2342.76,1458.63,311,train,False,False,False,False,0.042774045431658636,,False,0,False
4,11.0,312.01,426.22,312,train,False,False,False,False,0.011054760986127787,,False,0,False
5,516.0,1878.49,669.85,313,train,False,False,False,False,0.08454838051747754,,False,0,False
11,927.0,1994.33,1779.12,314,train,False,False,False,False,0.08457215933679368,,False,0,False
12,121.0,608.92,1033.44,315,train,False,False,False,False,0.024421483572436564,,False,0,False
14,68.0,438.96,866.76,316,train,False,False,True,True,-0.03236518005751854,,False,1,False
11,447.0,130.07,852.02,317,train,False,False,False,False,0.01801072426125938,,False,0,False
6,811.0,1252.04,1771.8,318,train,False,False,False,False,0.10121146653045732,,False,0,False
4,1202.0,1074.87,1501.24,319,train,False,False,False,False,0.011257906989649347,,False,0,False
9,592.0,793.55,1235.69,320,train,False,False,False,False,0.08498527795003347,,False,0,False
12,180.0,384.42,873.97,321,train,False,False,False,False,0.03225493709850846,,False,0,False
8,829.0,1147.89,2004.34,322,train,False,False,False,False,0.1038753521620569,,False,0,False
7,889.0,1417.96,1826.08,323,train,False,False,False,False,0.0961914687514463,,False,0,False
11,327.0,961.08,1356.46,324,train,False,False,False,False,0.07132853426614899,,False,0,False
11,927.0,1306.37,1804.68,325,train,False,False,False,False,0.0879029458352229,,False,0,False
12,893.0,910.41,1862.13,326,train,False,False,False,False,0.0684578349449963,,False,0,False
14,1015.0,871.76,1846.41,327,train,False,False,False,False,0.0026697767338142997,,False,0,False
5,57.0,559.05,639.73,328,train,False,False,False,False,0.0650182822362474,,False,0,False
7,1089.0,1026.25,2132.85,329,train,False,False,False,False,0.06156324042121586,,False,0,False
5,126.44,696.14,845.35,330,train,False,False,False,False,0.07945236943499429,,False,0,False
8,891.0,1194.36,2016.46,331,train,False,False,False,False,0.09892023227314983,,False,0,False
12,710.0,1249.41,1921.09,332,train,False,False,False,False,0.08139778610357773,,False,0,False
8,200.0,1508.89,1461.33,333,train,False,False,False,False,0.06813840170467356,,False,0,False
10,108.0,2181.67,1632.42,334,train,False,False,False,False,0.02266719545235052,,False,0,False
5,567.0,193.11,718.3,335,train,False,False,False,False,0.060880481349731674,,False,0,False
14,49.0,954.02,1480.87,336,train,False,False,True,True,-0.018083145218558805,,False,1,False
14,1001.0,1647.24,2080.0,337,train,False,False,False,False,0.025313198573378215,,False,0,False
4,725.0,588.9,1097.95,338,train,False,False,False,False,0.1039170429186193,,False,0,False
4,448.0,2055.97,1497.46,339,train,False,False,False,False,0.07757282031274876,,False,0,False
7,847.0,1994.62,1851.7,340,train,False,False,False,False,0.08095535447123425,,False,0,False
10,1145.0,311.43,1366.61,341,train,False,False,False,False,0.015456222035870382,,False,0,False
1,735.0,1676.9,1365.21,342,train,False,False,False,False,0.04305668088324832,,False,0,False
12,734.0,2491.82,1792.31,343,train,False,False,False,False,0.023979689996921683,,False,0,False
14,646.0,2418.19,1931.21,344,train,False,False,True,True,-0.011698220234182433,,False,1,False
12,1088.0,1977.91,1883.21,345,train,False,False,False,False,0.03918570585157066,,False,0,False
10,888.0,298.68,1171.54,346,train,False,False,False,False,0.059387749366313414,,False,0,False
3,842.0,865.37,1251.14,347,train,False,False,False,False,0.09691184857806184,,False,0,False
6,170.0,476.99,600.23,348,train,False,False,False,False,0.0803342849174225,,False,0,False
11,372.0,2048.26,1632.61,349,train,False,False,False,False,0.06833536633484899,,False,0,False
10,174.0,1991.96,1542.4,350,train,False,False,False,False,0.050300059309148604,,False,0,False
3,870.0,413.23,795.8,351,train,False,False,False,False,0.08226342741027459,,False,0,False
2,616.0,968.93,1163.1,352,train,False,False,False,False,0.06787532212789105,,False,0,False
4,886.0,2401.28,1698.0,353,train,False,False,False,False,0.03291827045502205,,False,0,False
10,976.0,2166.02,1775.03,354,train,False,False,False,False,0.07976829696220772,,False,0,False
1,344.46,813.85,707.88,355,train,False,False,False,False,0.04551802094666191,,False,0,False
11,913.0,2253.41,1758.56,356,train,False,False,False,False,0.07541589882828265,,False,0,False
5,41.0,2314.68,1500.28,357,train,False,False,True,True,-4.388365703356101e-05,,False,1,False
8,630.0,967.69,1388.05,358,train,False,False,False,False,0.10103779475979568,,False,0,False
1,872.0,2420.07,1456.34,359,train,False,False,True,True,-0.015867144706017244,,False,1,False
5,644.0,2383.17,1785.53,360,train,False,False,False,False,0.04642523394621889,,False,0,False
14,191.0,2442.76,1798.47,361,train,False,False,True,True,-0.04150427532368206,,False,1,False
8,621.0,2391.34,1593.12,362,train,False,False,False,False,0.05791152165920366,,False,0,False
9,194.34,1054.93,1374.9,363,train,False,False,False,False,0.08142637040601075,,False,0,False
3,718.0,1158.02,1416.98,364,train,False,False,False,False,0.09721709714185695,,False,0,False
7,568.0,159.12,738.92,365,train,False,False,False,False,0.04507357655501598,,False,0,False
4,6.0,458.7,459.21,366,train,False,False,False,False,0.0148591122932622,,False,0,False
2,91.0,1073.76,1013.78,367,train,False,False,False,False,0.03159624712854925,,False,0,False
4,317.0,1793.28,1518.93,368,train,False,False,False,False,0.07285301922408582,,False,0,False
8,52.0,2353.5,1485.05,369,train,False,False,True,True,-0.0034616648220682222,,False,1,False
14,124.0,1064.64,1761.68,370,train,False,False,True,True,-0.007168464506558614,,False,1,False
13,511.0,1628.33,1915.79,371,train,False,False,False,False,0.05244872867629691,,False,0,False
13,1004.0,1757.75,1960.67,372,train,False,False,False,False,0.04214945925835967,,False,0,False
8,897.0,1536.36,1944.62,373,train,False,False,False,False,0.10190354678440738,,False,0,False
5,367.0,290.78,742.25,374,train,False,False,False,False,0.07506585232091006,,False,0,False
7,15.0,2436.67,1459.63,375,train,False,False,True,True,-0.023039353123767814,,False,1,False
1,1092.0,390.55,589.11,376,train,False,False,True,True,-0.005335085269713602,,False,1,False
9,332.35,374.61,830.45,377,train,False,False,False,False,0.07307161814637703,,False,0,False
5,679.0,476.08,1030.41,378,train,False,False,False,False,0.10688934566248626,,False,0,False
4,842.0,893.25,1324.64,379,train,False,False,False,False,0.09807427912794298,,False,0,False
5,717.0,1508.97,1722.49,380,train,False,False,False,False,0.10190963009699583,,False,0,False
1,257.97,816.81,738.01,381,train,False,False,False,False,0.04897438042010971,,False,0,False
8,276.28,1179.9,1522.6,382,train,False,False,False,False,0.09555315699435318,,False,0,False
1,452.0,275.05,282.89,383,train,False,False,False,False,0.031798643396572346,,False,0,False
2,274.0,888.24,917.79,384,train,False,False,False,False,0.05396918379364146,,False,0,False
8,264.94,720.67,1019.85,385,train,False,False,False,False,0.090876062945203,,False,0,False
14,1122.0,1766.25,2239.35,386,train,False,False,True,True,-0.012050258731734154,,False,1,False
12,781.0,1159.18,1752.72,387,train,False,False,False,False,0.07776635679209709,,False,0,False
2,622.0,1871.56,1494.23,388,train,False,False,False,False,0.043678948871202605,,False,0,False
13,1034.0,2477.98,1842.24,389,train,False,False,True,True,-0.01680389399377269,,False,1,False
5,781.0,672.91,1125.36,390,train,False,False,False,False,0.11008523038495693,,False,0,False
9,1139.0,1973.31,1759.33,391,train,False,False,False,False,0.04175669996662923,,False,0,False
1,9.0,2246.28,1120.22,392,train,False,False,True,True,-0.059207201228452466,,False,1,False
6,1006.0,1219.71,1803.97,393,train,False,False,False,False,0.06984036366219981,,False,0,False
8,610.0,208.29,841.27,394,train,False,False,False,False,0.057095391737728374,,False,0,False
8,562.0,2479.33,1478.31,395,train,False,False,False,False,0.04520589121616825,,False,0,False
9,397.0,348.49,913.29,396,train,False,False,False,False,0.06785921240681525,,False,0,False
1,752.0,1632.35,1362.39,397,train,False,False,False,False,0.04966841272890654,,False,0,False
11,456.0,2223.72,1600.1,398,train,False,False,False,False,0.07761264230658699,,False,0,False
3,278.0,994.9,1167.78,399,train,False,False,False,False,0.08162959928102087,,False,0,False
5,14.0,78.33,406.7,400,train,False,False,False,False,0.003759796185387132,,False,0,False
12,81.0,2485.34,1589.65,401,train,False,False,True,True,-0.029667989909615167,,False,1,False
13,996.0,1809.2,1956.89,402,train,False,False,False,False,0.044823903270813314,,False,0,False
10,377.0,301.96,837.36,403,train,False,False,False,False,0.06447878597719126,,False,0,False
11,176.0,1050.67,1444.13,404,train,False,False,False,False,0.06908672854460252,,False,0,False
5,873.0,1402.35,1676.79,405,train,False,False,False,False,0.09505209745664711,,False,0,False
7,1185.0,1768.01,2072.18,406,train,False,False,False,False,0.024113665363040937,,False,0,False
6,378.0,837.63,1215.96,407,train,False,False,False,False,0.07920141600290592,,False,0,False
13,1204.0,24.47,1344.17,408,train,False,False,True,True,-0.07178928055976519,,False,1,False
8,15.0,377.85,657.8,409,train,False,False,False,False,0.011047446247591797,,False,0,False
5,392.0,1264.6,1465.72,410,train,False,False,False,False,0.09390722511241467,,False,0,False
3,1317.07,476.87,787.42,411,train,False,False,True,True,-0.012508222565684401,,False,1,False
7,205.0,103.31,683.1,412,train,False,False,False,False,0.033895210002204745,,False,0,False
3,1162.0,2152.66,1434.71,413,train,False,False,False,False,0.009267526357980449,,False,0,False
9,524.0,136.46,848.89,414,train,False,False,False,False,0.03361152987769045,,False,0,False
9,938.0,2224.29,1913.87,415,train,False,False,False,False,0.06674608659618453,,False,0,False
4,1000.0,2355.34,1699.56,416,train,False,False,False,False,0.027091874617469314,,False,0,False
1,123.0,2076.65,1171.68,417,train,False,False,True,True,-0.014596330075836494,,False,1,False
8,80.0,1092.18,1365.73,418,train,False,False,False,False,0.05634817997260655,,False,0,False
5,103.0,333.22,573.58,419,train,False,False,False,False,0.06699836636728118,,False,0,False
7,1109.0,2397.29,1917.57,420,train,False,False,False,False,0.007017434634962072,,False,0,False
10,816.0,1425.64,1872.81,421,train,False,False,False,False,0.0988376887155254,,False,0,False
6,751.0,2085.98,1757.81,422,train,False,False,False,False,0.08050216888557654,,False,0,False
1,1113.0,1536.0,1403.6,423,train,False,False,False,False,0.013930082769315844,,False,0,False
7,381.0,2342.27,1705.24,424,train,False,False,False,False,0.045930998514153276,,False,0,False
1,45.0,1070.22,922.69,425,train,False,False,True,True,-0.0025217951025908736,,False,1,False
6,373.0,587.38,956.61,426,train,False,False,False,False,0.08008724235415615,,False,0,False
12,296.0,326.83,981.72,427,train,False,False,False,False,0.03917386209339391,,False,0,False
1,1105.0,1432.3,1387.17,428,train,False,False,False,False,0.01196050857672315,,False,0,False
10,886.0,1990.03,1749.93,429,train,False,False,False,False,0.0928619102532694,,False,0,False
12,1139.0,124.65,1314.3,430,train,False,False,True,True,-0.021053023490191114,,False,1,False
10,621.0,978.73,1656.28,431,train,False,False,False,False,0.0879718195659811,,False,0,False
3,91.0,1640.15,1338.3,432,train,False,False,False,False,0.03356428743620332,,False,0,False
7,1000.0,1620.46,1971.23,433,train,False,False,False,False,0.07746798140707278,,False,0,False
14,904.0,2005.96,1970.01,434,train,False,False,False,False,0.029509742119314564,,False,0,False
12,85.0,1056.43,1466.31,435,train,False,False,False,False,0.04630037191178493,,False,0,False
1,992.0,958.87,1222.41,436,train,False,False,False,False,0.027848255729611138,,False,0,False
13,756.0,954.4,1793.07,437,train,False,False,False,False,0.051596045684732306,,False,0,False
6,1203.0,1900.48,1972.88,438,train,False,False,False,False,0.0027401812734930697,,False,0,False
3,981.0,341.45,813.95,439,train,False,False,False,False,0.05411131558533322,,False,0,False
12,10.0,1203.1,1564.9,440,train,False,False,False,False,0.0012930660771945934,,False,0,False
14,1138.0,518.18,1696.86,441,train,False,False,True,True,-0.028806056982932038,,False,1,False
9,1064.0,2016.76,1810.94,442,train,False,False,False,False,0.054727397687059476,,False,0,False
1,809.0,1734.56,1447.25,443,train,False,False,False,False,0.042649230574523966,,False,0,False
11,955.0,1282.19,2000.42,444,train,False,False,False,False,0.07856083024449234,,False,0,False
13,710.0,2223.86,1979.83,445,train,False,False,False,False,0.04805777870826333,,False,0,False
5,716.0,1316.6,1686.98,446,train,False,False,False,False,0.10845635021088473,,False,0,False
8,204.0,2178.45,1506.38,447,train,False,False,False,False,0.04986197599175224,,False,0,False
8,817.0,1455.73,1847.26,448,train,False,False,False,False,0.108159266781229,,False,0,False
5,778.0,2423.47,1643.96,449,train,False,False,False,False,0.034015324214608955,,False,0,False
8,7.0,2075.6,1422.12,450,train,False,False,True,True,-0.012528580876807527,,False,1,False
5,1014.0,1853.57,1749.31,451,train,False,False,False,False,0.056142588544263905,,False,0,False
12,353.0,2150.17,1765.67,452,train,False,False,False,False,0.051921895160485176,,False,0,False
5,789.0,1853.31,1792.88,453,train,False,False,False,False,0.08870832884787438,,False,0,False
4,199.0,1310.01,1400.57,454,train,False,False,False,False,0.08292137399365224,,False,0,False
9,696.0,1749.97,1649.49,455,train,False,False,False,False,0.08785601912909691,,False,0,False
4,197.0,1858.84,1416.33,456,train,False,False,False,False,0.06115777111467957,,False,0,False
5,1028.0,653.19,1313.95,457,train,False,False,False,False,0.05860846028562794,,False,0,False
5,765.0,480.48,1038.42,458,train,False,False,False,False,0.11057778088159048,,False,0,False
9,934.0,415.5,1208.82,459,train,False,False,False,False,0.06313664131938357,,False,0,False
6,367.0,1947.68,1606.76,460,train,False,False,False,False,0.06012794882852479,,False,0,False
5,592.0,433.75,869.0,461,train,False,False,False,False,0.10284805702311817,,False,0,False
12,342.0,2253.61,1659.5,462,train,False,False,False,False,0.051459627391356344,,False,0,False
2,623.18,347.54,625.15,463,train,False,False,False,False,0.05539347789156712,,False,0,False
4,10.0,1262.73,1261.41,464,train,False,False,False,False,0.007457805328851319,,False,0,False
3,200.0,58.24,494.63,465,train,False,False,False,False,0.03645287960193333,,False,0,False
9,118.0,1285.82,1539.77,466,train,False,False,False,False,0.059826112790729136,,False,0,False
7,803.0,12.75,1146.78,467,train,False,False,False,False,0.0059222343783764675,,False,0,False
11,1126.0,1593.03,2143.74,468,train,False,False,False,False,0.045353309018181465,,False,0,False
14,127.0,988.4,1688.9,469,train,False,False,True,True,-0.004957243415828039,,False,1,False
13,145.0,2202.42,1716.13,470,train,False,False,False,False,0.0022714629860833835,,False,0,False
6,383.0,462.79,800.3,471,train,False,False,False,False,0.08395746819326078,,False,0,False
2,730.0,285.24,624.78,472,train,False,False,False,False,0.05223460680729608,,False,0,False
5,320.0,1584.55,1584.73,473,train,False,False,False,False,0.07546606080133128,,False,0,False
1,989.0,2196.84,1439.17,474,train,False,False,True,True,-0.008431844592787008,,False,1,False
9,1000.0,1901.79,1778.65,475,train,False,False,False,False,0.0737076058452793,,False,0,False
6,384.0,1656.04,1682.33,476,train,False,False,False,False,0.06447760437943373,,False,0,False
14,719.0,1973.14,1980.99,477,train,False,False,False,False,0.030835763688678353,,False,0,False
11,859.0,146.71,1267.98,478,train,False,False,False,False,0.023354859068309253,,False,0,False
5,919.0,470.23,1119.17,479,train,False,False,False,False,0.08788810973668654,,False,0,False
7,1176.0,2489.13,1921.16,480,train,False,False,True,True,-0.017343554788710858,,False,1,False
3,906.3,540.03,848.42,481,train,False,False,False,False,0.08655709327985212,,False,0,False
12,59.0,858.62,1377.35,482,train,False,False,False,False,0.04075067274645472,,False,0,False
7,577.0,1959.13,1603.6,483,train,False,False,False,False,0.07916772004293876,,False,0,False
14,1153.0,346.58,1292.93,484,train,False,False,True,True,-0.03815291106427576,,False,1,False
1,141.0,10.15,195.14,485,train,False,False,True,True,-0.0010783967253905624,,False,1,False
11,775.0,1752.23,1809.29,486,train,False,False,False,False,0.09241126031430874,,False,0,False
11,636.0,2238.97,1699.94,487,train,False,False,False,False,0.09271181402691153,,False,0,False
4,198.0,2106.63,1450.67,488,train,False,False,False,False,0.06129376041578394,,False,0,False
8,1187.0,1045.91,2047.06,489,train,False,False,False,False,0.03559504523830603,,False,0,False
14,269.0,1349.61,1832.34,490,train,False,False,False,False,0.0019600013885592293,,False,0,False
12,218.0,901.03,1371.86,491,train,False,False,False,False,0.056359892225972485,,False,0,False
10,536.0,2194.42,1615.13,492,train,False,False,False,False,0.08410613841266634,,False,0,False
9,368.0,495.12,847.33,493,train,False,False,False,False,0.07890202657945516,,False,0,False
8,488.0,439.7,1030.13,494,train,False,False,False,False,0.08557981076525689,,False,0,False
13,1054.0,1131.25,2162.03,495,train,False,False,False,False,0.021249158315208905,,False,0,False
11,815.0,2385.6,1872.44,496,train,False,False,False,False,0.05092011238228722,,False,0,False
1,1166.0,1423.69,1412.13,497,train,False,False,True,True,-0.0038732786277693165,,False,1,False
5,324.0,128.94,686.54,498,train,False,False,False,False,0.04607024495378076,,False,0,False
8,75.0,315.71,593.83,499,train,False,False,False,False,0.03861781537170739,,False,0,False
7,789.0,185.73,966.26,500,train,False,False,False,False,0.049175360353184594,,False,0,False
9,633.0,888.17,1384.78,501,train,False,False,False,False,0.09106531695253955,,False,0,False
9,101.0,950.23,1281.64,502,train,False,False,False,False,0.058905310233686614,,False,0,False
3,1061.15,388.5,693.36,503,train,False,False,False,False,0.046531334615307895,,False,0,False
7,368.0,1231.69,1550.04,504,train,False,False,False,False,0.0832211153145691,,False,0,False
2,21.0,20.04,204.58,505,train,False,False,True,True,-0.01189232755954206,,False,1,False
4,420.0,927.74,1238.04,506,train,False,False,False,False,0.09923018215910795,,False,0,False
8,302.24,1046.04,1353.77,507,train,False,False,False,False,0.10073617297328663,,False,0,False
10,683.0,2442.92,1643.68,508,train,False,False,False,False,0.04645664139802985,,False,0,False
7,776.0,2447.82,1826.93,509,train,False,False,False,False,0.034014475691858115,,False,0,False
9,238.0,1197.83,1560.78,510,train,False,False,False,False,0.0846483672894357,,False,0,False
6,1193.0,2241.5,1839.47,511,train,False,False,False,False,0.001006265040629839,,False,0,False
10,796.0,1352.08,2000.19,512,train,False,False,False,False,0.10119741653828562,,False,0,False
10,64.0,455.9,774.64,513,train,False,False,False,False,0.04658521743163346,,False,0,False
1,214.0,540.03,402.81,514,train,False,False,False,False,0.03536584620426375,,False,0,False
7,273.0,285.83,793.58,515,train,False,False,False,False,0.06295656733272181,,False,0,False
8,592.0,1402.98,1561.41,516,train,False,False,False,False,0.09520927279884361,,False,0,False
5,249.0,873.75,1185.24,517,train,False,False,False,False,0.09834631017126594,,False,0,False
12,398.0,2481.44,1755.18,518,train,False,False,False,False,0.005694711510984551,,False,0,False
5,198.21,594.83,807.48,519,train,False,False,False,False,0.09187378061332752,,False,0,False
8,303.0,1072.44,1453.25,520,train,False,False,False,False,0.0968862638666873,,False,0,False
4,862.0,2335.55,1698.94,521,train,False,False,False,False,0.05237088981363314,,False,0,False
4,333.0,1934.76,1467.52,522,train,False,False,False,False,0.06904486498824247,,False,0,False
5,1085.0,2486.43,1664.83,523,train,False,False,True,True,-0.003503613957077767,,False,1,False
6,172.0,1977.78,1603.89,524,train,False,False,False,False,0.054767996952497455,,False,0,False
5,733.0,41.18,771.83,525,train,False,False,False,False,0.025268221028975302,,False,0,False
6,370.0,315.09,946.39,526,train,False,False,False,False,0.07356746323600488,,False,0,False
4,675.0,381.48,779.68,527,train,False,False,False,False,0.09157085269643656,,False,0,False
14,958.0,1727.76,2065.16,528,train,False,False,False,False,0.02774005921095457,,False,0,False
13,618.0,1982.27,2000.39,529,train,False,False,False,False,0.061852333625614264,,False,0,False
10,955.0,1182.33,1950.3,530,train,False,False,False,False,0.08602808921791166,,False,0,False
6,930.0,1907.95,1788.75,531,train,False,False,False,False,0.06658682719885245,,False,0,False
8,255.0,1817.19,1510.91,532,train,False,False,False,False,0.0650825717776341,,False,0,False
4,1180.0,1948.55,1565.16,533,train,False,False,False,False,0.010318512483627695,,False,0,False
2,851.68,473.96,650.68,534,train,False,False,False,False,0.05881975889814828,,False,0,False
12,988.0,2492.79,1753.84,535,train,False,False,False,False,0.01362454547538483,,False,0,False
7,256.0,2180.53,1548.87,536,train,False,False,False,False,0.0585764391698026,,False,0,False
11,740.0,1171.99,902.09,537,train,False,False,False,False,0.08930599604741357,,False,0,False
7,287.0,2293.5,1558.09,538,train,False,False,False,False,0.058028554272145816,,False,0,False
2,1158.0,2355.92,1528.91,539,train,False,False,True,True,-0.039108964993192497,,False,1,False
12,229.0,1216.16,1696.65,540,train,False,False,False,False,0.06045629256027607,,False,0,False
9,602.0,186.69,1085.4,541,train,False,False,False,False,0.04413451601266327,,False,0,False
9,849.0,1007.41,1785.47,542,train,False,False,False,False,0.08981087373554986,,False,0,False
6,690.0,1009.37,1559.83,543,train,False,False,False,False,0.09916251636843887,,False,0,False
4,69.0,2321.49,322.0,544,train,False,False,False,False,0.01466527868162848,,False,0,False
8,945.0,766.98,1625.53,545,train,False,False,False,False,0.09247234944439331,,False,0,False
5,414.0,967.0,1368.94,546,train,False,False,False,False,0.09901724929979405,,False,0,False
11,1179.0,31.36,1550.55,547,train,False,False,True,True,-0.0498713995616511,,False,1,False
5,1116.0,2460.46,1711.97,548,train,False,False,True,True,-0.0056249755653918765,,False,1,False
2,826.0,2163.39,1523.26,549,train,False,False,False,False,0.032065678970314426,,False,0,False
11,1156.0,2231.86,1988.56,550,train,False,False,False,False,0.02583847662371097,,False,0,False
8,312.0,2383.17,1557.27,551,train,False,False,False,False,0.047343235936385675,,False,0,False
7,194.0,202.49,686.23,552,train,False,False,False,False,0.041928332411943825,,False,0,False
14,1020.0,510.33,1406.95,553,train,False,False,True,True,-0.005645863463716649,,False,1,False
12,882.0,1958.14,1944.88,554,train,False,False,False,False,0.07940171701642806,,False,0,False
9,1182.0,1342.24,2164.15,555,train,False,False,False,False,0.02494564986792569,,False,0,False
6,628.0,311.47,903.3,556,train,False,False,False,False,0.08515614415755307,,False,0,False
12,574.0,2240.9,1785.72,557,train,False,False,False,False,0.06844087650542818,,False,0,False
8,435.0,1129.65,1525.26,558,train,False,False,False,False,0.0885394638099335,,False,0,False
10,160.0,2272.56,1642.15,559,train,False,False,False,False,0.03847113894691845,,False,0,False
9,1063.0,2497.79,1761.94,560,train,False,False,False,False,0.0036369106233306026,,False,0,False
4,932.0,1287.34,1513.28,561,train,False,False,False,False,0.07104980161634744,,False,0,False
9,534.0,1929.94,1624.87,562,train,False,False,False,False,0.0775830767928245,,False,0,False
11,610.0,1990.79,1753.56,563,train,False,False,False,False,0.10262263483055128,,False,0,False
2,296.0,1878.7,1354.0,564,train,False,False,False,False,0.04362551901222622,,False,0,False
1,389.0,1964.96,1228.94,565,train,False,False,False,False,0.008796083204026695,,False,0,False
1,993.0,1143.58,1328.85,566,train,False,False,False,False,0.02597206616933223,,False,0,False
13,534.0,1765.96,1881.36,567,train,False,False,False,False,0.05302635120439214,,False,0,False
1,43.0,2149.22,1134.47,568,train,False,False,True,True,-0.0387429255561802,,False,1,False
11,685.0,2272.75,1873.94,569,train,False,False,False,False,0.08787911963020845,,False,0,False
9,497.0,1845.08,1674.09,570,train,False,False,False,False,0.07872924396885833,,False,0,False
1,303.0,931.53,857.42,571,train,False,False,False,False,0.049901237938073995,,False,0,False
10,396.0,2068.65,1556.68,572,train,False,False,False,False,0.06833182603899723,,False,0,False
9,444.0,725.31,1062.52,573,train,False,False,False,False,0.0746020873618291,,False,0,False
1,264.39,758.27,636.19,574,train,False,False,False,False,0.044847454158940536,,False,0,False
9,310.69,239.64,828.16,575,train,False,False,False,False,0.050578900986404496,,False,0,False
9,191.0,789.52,1058.5,576,train,False,False,False,False,0.06471187688528979,,False,0,False
8,1118.0,1758.52,1852.47,577,train,False,False,False,False,0.05736895255708685,,False,0,False
3,859.12,611.07,960.47,578,train,False,False,False,False,0.09175205981655893,,False,0,False
11,265.0,218.66,949.34,579,train,False,False,False,False,0.024188309917303474,,False,0,False
11,1149.0,270.81,1284.51,580,train,False,False,True,True,-0.002323711597943645,,False,1,False
3,121.0,21.17,464.07,581,train,False,False,False,False,0.019262112552458688,,False,0,False
4,238.0,1707.28,1483.48,582,train,False,False,False,False,0.07493245163413137,,False,0,False
11,498.0,1578.39,1793.52,583,train,False,False,False,False,0.0865475981663919,,False,0,False
13,32.0,232.43,805.12,584,train,False,False,True,True,-0.03147957665979062,,False,1,False
5,1077.0,2234.35,1665.23,585,train,False,False,False,False,0.029552623304172743,,False,0,False
13,694.0,1054.31,1815.02,586,train,False,False,False,False,0.037758735910270236,,False,0,False
3,1096.0,200.27,802.96,587,train,False,False,False,False,0.02125900578059392,,False,0,False
9,686.0,145.66,972.95,588,train,False,False,False,False,0.03742556281141596,,False,0,False
1,1035.0,1289.84,1317.33,589,train,False,False,False,False,0.01715007015983394,,False,0,False
10,625.0,519.94,1229.41,590,train,False,False,False,False,0.07637015664128893,,False,0,False
5,966.0,359.51,927.98,591,train,False,False,False,False,0.0676772509791872,,False,0,False
1,1058.0,1601.04,1465.9,592,train,False,False,False,False,0.013711582161033742,,False,0,False
4,72.0,1367.29,1302.97,593,train,False,False,False,False,0.04974382545596423,,False,0,False
1,797.0,126.8,543.18,594,train,False,False,False,False,0.0014712048088872942,,False,0,False
4,159.0,568.58,647.0,595,train,False,False,False,False,0.07528675593645628,,False,0,False
13,632.0,268.91,1396.28,596,train,False,False,False,False,0.0043134106633347935,,False,0,False
1,601.0,497.7,644.12,597,train,False,False,False,False,0.04514557942720698,,False,0,False
3,1025.03,592.55,992.4,598,train,False,False,False,False,0.058933372603682366,,False,0,False
2,785.0,1964.63,1522.76,599,train,False,False,False,False,0.03750990209696925,,False,0,False
5,387.0,1882.35,1588.8,600,train,False,False,False,False,0.06812051952253695,,False,0,False
3,117.0,21.99,359.1,601,train,False,False,False,False,0.019603561998970176,,False,0,False
1,815.0,97.89,539.36,602,train,False,False,True,True,-0.00712244685925556,,False,1,False
1,759.0,330.29,500.92,603,train,False,False,False,False,0.04325728719736255,,False,0,False
4,627.0,956.98,1337.63,604,train,False,False,False,False,0.10635779297699716,,False,0,False
10,223.0,886.32,1305.54,605,train,False,False,False,False,0.07456388382985402,,False,0,False
7,1010.0,1514.03,2063.98,606,train,False,False,False,False,0.07975169034177348,,False,0,False
9,482.0,1348.44,1633.26,607,train,False,False,False,False,0.08579155775732561,,False,0,False
2,897.0,2382.39,1437.95,608,train,False,False,False,False,0.0009858911711462248,,False,0,False
11,332.0,1352.48,1663.39,609,train,False,False,False,False,0.07342346290085816,,False,0,False
2,521.0,467.19,667.85,610,train,False,False,False,False,0.059333285414869485,,False,0,False
6,475.0,1800.71,1671.23,611,train,False,False,False,False,0.07201671693923878,,False,0,False
8,1166.0,99.47,1149.07,612,train,False,False,True,True,-0.01556369351473641,,False,1,False
14,1020.0,1201.75,2337.73,613,train,False,False,False,False,0.01395354179608832,,False,0,False
5,233.0,1862.04,1562.23,614,train,False,False,False,False,0.06429602899018949,,False,0,False
1,673.0,2026.16,1372.83,615,train,False,False,False,False,0.014235942395293244,,False,0,False
8,867.0,2373.39,1747.22,616,train,False,False,False,False,0.04779922737145659,,False,0,False
7,250.0,364.79,718.71,617,train,False,False,False,False,0.06580056652517097,,False,0,False
1,451.0,555.49,162.18,618,train,False,False,False,False,0.0408703848663452,,False,0,False
8,862.0,1817.85,1719.37,619,train,False,False,False,False,0.09398112482728749,,False,0,False
7,1054.0,576.47,1344.18,620,train,False,False,False,False,0.053821993860208917,,False,0,False
12,482.0,1710.47,1746.74,621,train,False,False,False,False,0.07436141249459538,,False,0,False
4,810.0,1852.31,1575.87,622,train,False,False,False,False,0.07158712639996201,,False,0,False
11,1106.0,2250.54,2050.62,623,train,False,False,False,False,0.036662881512242396,,False,0,False
9,259.96,554.74,835.54,624,train,False,False,False,False,0.07280588173700325,,False,0,False
10,773.0,865.92,1837.11,625,train,False,False,False,False,0.09150056666376488,,False,0,False
9,963.0,588.5,1434.42,626,train,False,False,False,False,0.07018551949686164,,False,0,False
9,460.0,2424.47,1624.68,627,train,False,False,False,False,0.037747816233090425,,False,0,False
12,495.0,1948.13,1831.92,628,train,False,False,False,False,0.07717605466983773,,False,0,False
2,252.0,1545.94,1300.19,629,train,False,False,False,False,0.05626340194371937,,False,0,False
6,45.0,81.59,522.58,630,train,False,False,False,False,0.0035810128921011097,,False,0,False
1,263.0,396.49,198.42,631,train,False,False,False,False,0.03813781389870052,,False,0,False
7,172.0,1486.86,1557.94,632,train,False,False,False,False,0.06317616044577778,,False,0,False
11,684.0,672.51,1487.93,633,train,False,False,False,False,0.06921749437451774,,False,0,False
14,595.0,1818.77,1889.9,634,train,False,False,False,False,0.030322923782634237,,False,0,False
9,1097.0,2330.2,1728.07,635,train,False,False,False,False,0.027146343644373405,,False,0,False
4,463.0,1963.41,1607.34,636,train,False,False,False,False,0.07307500505062225,,False,0,False
11,605.0,1880.69,1711.55,637,train,False,False,False,False,0.09066294789062429,,False,0,False
6,1148.0,1525.81,1776.48,638,train,False,False,False,False,0.03701547824573537,,False,0,False
7,951.0,584.4,1253.76,639,train,False,False,False,False,0.07574904593091403,,False,0,False
9,708.0,461.07,1110.6,640,train,False,False,False,False,0.08597005469155428,,False,0,False
4,1047.0,1657.68,1605.84,641,train,False,False,False,False,0.03769726358602088,,False,0,False
6,248.0,395.4,710.15,642,train,False,False,False,False,0.07972910669223193,,False,0,False
10,793.0,1422.29,2007.62,643,train,False,False,False,False,0.09935286412362349,,False,0,False
2,68.0,756.61,648.53,644,train,False,False,False,False,0.029952764100855678,,False,0,False
5,905.0,2317.31,1691.38,645,train,False,False,False,False,0.05541429426974098,,False,0,False
3,981.0,2008.83,1539.47,646,train,False,False,False,False,0.04007496548931466,,False,0,False
14,1184.0,2269.89,1943.24,647,train,False,False,True,True,-0.04140745164098414,,False,1,False
5,831.0,432.8,901.36,648,train,False,False,False,False,0.09931213121801435,,False,0,False
2,753.0,1111.16,1353.87,649,train,False,False,False,False,0.07135287112553634,,False,0,False
5,741.0,429.24,951.92,650,train,False,False,False,False,0.10968018338892693,,False,0,False
2,1029.0,1702.6,1577.55,651,train,False,False,False,False,0.011485839404214104,,False,0,False
5,1126.0,664.9,1336.74,652,train,False,False,False,False,0.03475916659891565,,False,0,False
11,1116.0,2067.8,1987.44,653,train,False,False,False,False,0.04368020697672659,,False,0,False
8,207.0,1146.93,1479.01,654,train,False,False,False,False,0.08806537682286025,,False,0,False
7,309.0,1021.75,1309.85,655,train,False,False,False,False,0.08670799538352136,,False,0,False
12,508.0,1970.54,1770.91,656,train,False,False,False,False,0.08162058749174106,,False,0,False
1,47.0,17.97,128.91,657,train,False,False,True,True,-0.017702358236805327,,False,1,False
4,764.0,1417.94,1682.1,658,train,False,False,False,False,0.09417115409119176,,False,0,False
7,948.0,657.17,1578.97,659,train,False,False,False,False,0.08166925457938196,,False,0,False
11,437.0,1053.24,1630.47,660,train,False,False,False,False,0.0783176801105947,,False,0,False
1,791.0,1927.75,1419.88,661,train,False,False,False,False,0.022112171236603917,,False,0,False
4,1124.0,2177.18,1567.43,662,train,False,False,False,False,0.02069183785965989,,False,0,False
6,323.0,1477.23,1608.55,663,train,False,False,False,False,0.06951683862838254,,False,0,False
8,792.0,2437.24,1556.7,664,train,False,False,False,False,0.04454187275692134,,False,0,False
8,403.0,654.97,895.14,665,train,False,False,False,False,0.09201256926914142,,False,0,False
4,362.0,646.43,788.53,666,train,False,False,False,False,0.08343348119877553,,False,0,False
5,728.0,423.16,947.72,667,train,False,False,False,False,0.10811077438715644,,False,0,False
1,1122.0,861.5,1081.05,668,train,False,False,False,False,0.0072093840165106116,,False,0,False
1,58.0,5.86,117.24,669,train,False,False,True,True,-0.004004130772981673,,False,1,False
5,948.0,898.6,1499.68,670,train,False,False,False,False,0.08800370667469981,,False,0,False
8,77.0,1930.98,1485.69,671,train,False,False,False,False,0.018231452275918825,,False,0,False
9,954.0,1483.39,2024.2,672,train,False,False,False,False,0.08167618658811998,,False,0,False
3,992.0,1897.41,1539.0,673,train,False,False,False,False,0.042733381050886865,,False,0,False
3,771.0,725.67,1166.93,674,train,False,False,False,False,0.09979009854505294,,False,0,False
13,889.0,232.72,1394.38,675,train,False,False,False,False,0.0026669823865617115,,False,0,False
1,606.0,923.0,1050.05,676,train,False,False,False,False,0.050535864023229626,,False,0,False
9,576.0,1059.79,1547.5,677,train,False,False,False,False,0.0894292299972716,,False,0,False
3,327.0,2141.92,1438.41,678,train,False,False,False,False,0.057196113706726615,,False,0,False
7,709.0,320.8,1116.62,679,train,False,False,False,False,0.0749343304485448,,False,0,False
6,1043.0,1404.35,1807.42,680,train,False,False,False,False,0.049455828740107344,,False,0,False
12,601.0,2166.56,1918.46,681,train,False,False,False,False,0.076703025657334,,False,0,False
9,1096.0,1690.22,1894.85,682,train,False,False,False,False,0.05930923307792213,,False,0,False
11,322.0,1251.3,1732.46,683,train,False,False,False,False,0.0693397175051923,,False,0,False
4,380.0,446.66,764.24,684,train,False,False,False,False,0.08399598169640632,,False,0,False
8,221.0,936.98,1287.0,685,train,False,False,False,False,0.08854503621214377,,False,0,False
4,103.0,1790.07,1394.55,686,train,False,False,False,False,0.03673538897265016,,False,0,False
1,388.0,390.7,332.06,687,train,False,False,False,False,0.039577812028092185,,False,0,False
6,72.85,457.75,666.59,688,train,False,False,False,False,0.05709639362828489,,False,0,False
3,213.0,1724.85,1344.71,689,train,False,False,False,False,0.06879240974108675,,False,0,False
1,211.0,958.08,891.9,690,train,False,False,False,False,0.04009861943372206,,False,0,False
5,685.0,747.14,1216.36,691,train,False,False,False,False,0.11492237239635034,,False,0,False
3,1020.39,250.62,779.08,692,train,False,False,False,False,0.044774684764002703,,False,0,False
12,947.0,193.05,1225.63,693,train,False,False,False,False,0.014735556263335892,,False,0,False
4,672.0,1603.52,1612.43,694,train,False,False,False,False,0.08698294518517458,,False,0,False
2,719.0,591.44,755.3,695,train,False,False,False,False,0.0669779802958671,,False,0,False
10,909.0,696.0,1505.19,696,train,False,False,False,False,0.07584637133324462,,False,0,False
1,754.0,1220.47,1346.14,697,train,False,False,False,False,0.060498578283863735,,False,0,False
1,1060.0,501.67,658.14,698,train,False,False,False,False,0.004083344703179281,,False,0,False
11,293.0,1410.0,1673.7,699,train,False,False,False,False,0.06825543953179758,,False,0,False
5,230.0,333.69,538.36,700,train,False,False,False,False,0.0894429101682972,,False,0,False
14,487.0,579.29,1516.68,701,train,False,False,False,False,0.005161278411248804,,False,0,False
11,958.0,1999.13,1900.18,702,train,False,False,False,False,0.08253015849829326,,False,0,False
4,1100.0,370.61,860.32,703,train,False,False,False,False,0.03429822354341927,,False,0,False
2,782.17,830.72,1165.44,704,train,False,False,False,False,0.06829920737373701,,False,0,False
2,634.0,1739.81,1490.51,705,train,False,False,False,False,0.05275740777285698,,False,0,False
5,477.0,655.24,935.38,706,train,False,False,False,False,0.10229964284326193,,False,0,False
14,113.0,1091.13,1703.02,707,train,False,False,True,True,-0.013350640601160979,,False,1,False
3,892.0,171.32,875.39,708,train,False,False,False,False,0.0478813965137076,,False,0,False
6,1198.0,222.6,1107.96,709,train,False,False,True,True,-0.004110393047006444,,False,1,False
2,636.0,1438.19,1435.96,710,train,False,False,False,False,0.0620896176197564,,False,0,False
12,452.0,816.56,1243.1,711,train,False,False,False,False,0.06189071498257537,,False,0,False
8,892.0,1768.53,1902.37,712,train,False,False,False,False,0.09816459224578972,,False,0,False
13,564.0,2245.56,1745.09,713,train,False,False,False,False,0.04784001628804291,,False,0,False
3,779.0,2110.9,1520.73,714,train,False,False,False,False,0.06375518021766913,,False,0,False
14,999.0,619.42,1510.57,715,train,False,False,False,False,0.000515225564348909,,False,0,False
12,1074.0,2407.71,1843.97,716,train,False,False,False,False,0.010518693113217736,,False,0,False
3,266.0,2178.16,1447.95,717,train,False,False,False,False,0.05874716226405996,,False,0,False
4,286.0,1063.49,418.17,718,train,False,False,False,False,0.09085169533328241,,False,0,False
3,133.0,1728.5,1373.4,719,train,False,False,False,False,0.03774638659954421,,False,0,False
10,5.0,1094.06,1361.08,720,train,False,False,False,False,0.008565959266878531,,False,0,False
6,659.0,322.1,972.58,721,train,False,False,False,False,0.0883114061507938,,False,0,False
8,626.0,545.84,1142.89,722,train,False,False,False,False,0.0918505309093205,,False,0,False
7,748.0,241.73,971.31,723,train,False,False,False,False,0.06410829273853658,,False,0,False
5,908.0,716.7,1375.88,724,train,False,False,False,False,0.09272175718247555,,False,0,False
6,855.0,591.35,1339.72,725,train,False,False,False,False,0.10150046480463826,,False,0,False
4,18.0,289.06,380.88,726,train,False,False,False,False,0.019681747491068102,,False,0,False
4,425.0,1286.54,1449.26,727,train,False,False,False,False,0.08978002508440758,,False,0,False
3,874.0,1191.4,1515.99,728,train,False,False,False,False,0.08633010309251193,,False,0,False
1,140.0,22.71,199.68,729,train,False,False,True,True,-0.003210162818077955,,False,1,False
13,11.0,1114.96,1555.48,730,train,False,False,True,True,-0.014135913438113934,,False,1,False
3,665.0,2418.16,1490.96,731,train,False,False,False,False,0.036097389046402695,,False,0,False
5,569.0,1856.7,1623.81,732,train,False,False,False,False,0.08327736493202287,,False,0,False
12,211.0,749.56,1285.23,733,train,False,False,False,False,0.04948959704108724,,False,0,False
5,1050.0,882.86,1430.04,734,train,False,False,False,False,0.0557233968444244,,False,0,False
5,173.0,1337.9,1443.96,735,train,False,False,False,False,0.08506801153039834,,False,0,False
4,166.0,791.52,866.18,736,train,False,False,False,False,0.08550282640324225,,False,0,False
2,1038.0,685.07,962.14,737,train,False,False,False,False,0.019014037609139778,,False,0,False
11,36.0,1541.47,1593.24,738,train,False,False,False,False,0.004392599997125712,,False,0,False
11,920.0,1338.65,1871.27,739,train,False,False,False,False,0.08976945803266234,,False,0,False
9,97.85,518.56,850.57,740,train,False,False,False,False,0.05109502812733724,,False,0,False
11,667.0,2221.67,1872.89,741,train,False,False,False,False,0.09603616109084451,,False,0,False
8,1185.0,554.98,1545.67,742,train,False,False,False,False,0.031154958606308458,,False,0,False
10,175.0,1443.25,1635.5,743,train,False,False,False,False,0.05915870274003188,,False,0,False
8,16.0,259.02,543.56,744,train,False,False,False,False,0.004290408851262861,,False,0,False
11,1095.0,1071.83,2159.33,745,train,False,False,False,False,0.04368461524424372,,False,0,False
4,1075.0,586.17,1023.65,746,train,False,False,False,False,0.049484863915229105,,False,0,False
13,922.0,1510.22,1967.87,747,train,False,False,False,False,0.04891654747541352,,False,0,False
13,837.0,1218.93,1921.68,748,train,False,False,False,False,0.05152780582506078,,False,0,False
6,436.0,914.53,1389.11,749,train,False,False,False,False,0.08084102336255139,,False,0,False
11,886.0,922.66,1852.24,750,train,False,False,False,False,0.0816205483764953,,False,0,False
1,85.0,89.83,175.53,751,train,False,False,True,True,-0.006408481446897318,,False,1,False
8,936.0,556.28,1277.26,752,train,False,False,False,False,0.08424805077835185,,False,0,False
4,422.0,2049.71,1491.9,753,train,False,False,False,False,0.07724690506928972,,False,0,False
13,858.0,2258.01,1889.71,754,train,False,False,False,False,0.04003910105069508,,False,0,False
5,210.0,710.49,483.34,755,train,False,False,False,False,0.10015789916197176,,False,0,False
6,344.0,233.31,800.18,756,train,False,False,False,False,0.05199909086230736,,False,0,False
9,989.0,378.12,1193.72,757,train,False,False,False,False,0.053488934408464583,,False,0,False
7,868.0,625.09,1403.48,758,train,False,False,False,False,0.08881932996502762,,False,0,False
3,429.0,2400.13,1411.95,759,train,False,False,False,False,0.029949121715748928,,False,0,False
5,716.0,1111.23,1492.08,760,train,False,False,False,False,0.11081528334167878,,False,0,False
12,958.0,2499.84,1791.69,761,train,False,False,False,False,0.01371513952599368,,False,0,False
3,186.0,1068.31,1152.04,762,train,False,False,False,False,0.0734474408725111,,False,0,False
6,806.0,1760.64,1718.76,763,train,False,False,False,False,0.08982620768266725,,False,0,False
6,135.34,1144.13,1478.11,764,train,False,False,False,False,0.06676421312526681,,False,0,False
10,5.0,836.86,1116.56,765,train,False,False,False,False,0.011160443701684786,,False,0,False
7,624.0,148.16,905.79,766,train,False,False,False,False,0.04601746712725319,,False,0,False
3,1013.0,166.52,711.07,767,train,False,False,False,False,0.03411117005962394,,False,0,False
9,1079.0,1981.94,1763.16,768,train,False,False,False,False,0.05450928753678019,,False,0,False
1,532.0,413.99,355.57,769,train,False,False,False,False,0.039534880756507906,,False,0,False
3,334.0,2449.89,1472.53,770,train,False,False,False,False,0.027126851367346272,,False,0,False
10,895.0,937.46,1714.8,771,train,False,False,False,False,0.08792912326661284,,False,0,False
2,18.0,2503.46,1206.95,772,train,False,False,True,True,-0.04820815958947877,,False,1,False
9,885.0,1764.97,1694.37,773,train,False,False,False,False,0.08966129717325483,,False,0,False
12,49.0,1118.38,1494.81,774,train,False,False,False,False,0.030720495402406178,,False,0,False
8,466.0,2064.63,1558.12,775,train,False,False,False,False,0.07455850921122004,,False,0,False
12,1007.0,1353.77,1925.32,776,train,False,False,False,False,0.06466662068382356,,False,0,False
11,226.0,2013.45,1590.82,777,train,False,False,False,False,0.05367222238092162,,False,0,False
2,147.0,17.43,325.56,778,train,False,False,False,False,0.015821347560301513,,False,0,False
3,224.0,358.77,406.36,779,train,False,False,False,False,0.06728274071003826,,False,0,False
2,267.0,2116.93,1349.04,780,train,False,False,False,False,0.031520582059722746,,False,0,False
8,544.0,1279.51,1483.77,781,train,False,False,False,False,0.09852580612779827,,False,0,False
3,93.0,1.42,364.51,782,train,False,False,False,False,0.01531174799331736,,False,0,False
2,983.0,2109.93,1519.98,783,train,False,False,False,False,0.00528051078223446,,False,0,False
11,527.0,1550.32,1806.06,784,train,False,False,False,False,0.08760278798602661,,False,0,False
2,165.0,1813.32,1273.45,785,train,False,False,False,False,0.029474899522213827,,False,0,False
8,34.0,1225.2,1438.52,786,train,False,False,False,False,0.029362368977945863,,False,0,False
10,714.0,269.06,1067.81,787,train,False,False,False,False,0.0581057088652388,,False,0,False
3,864.0,2338.52,1513.04,788,train,False,False,False,False,0.04313295244146076,,False,0,False
9,14.0,1057.38,1372.31,789,train,False,False,False,False,0.02608003098370104,,False,0,False
12,18.0,2461.37,1556.78,790,train,False,False,True,True,-0.03756144455789412,,False,1,False
6,372.0,2494.69,1742.34,791,train,False,False,False,False,0.011927902165485782,,False,0,False
3,399.0,141.39,546.04,792,train,False,False,False,False,0.04143506190752155,,False,0,False
2,547.0,119.09,509.52,793,train,False,False,False,False,0.02778804336563412,,False,0,False
7,753.0,358.13,1084.79,794,train,False,False,False,False,0.0803905731377696,,False,0,False
1,388.1,827.37,741.46,795,train,False,False,False,False,0.04537641554464289,,False,0,False
14,481.0,939.99,877.17,796,train,False,False,False,False,0.013219291642232012,,False,0,False
2,456.0,2390.7,1342.39,797,train,False,False,False,False,0.005463626874431471,,False,0,False
7,300.0,2417.85,1634.04,798,train,False,False,False,False,0.041253331201163146,,False,0,False
8,1025.0,1031.33,2214.64,799,train,False,False,False,False,0.06976373633373689,,False,0,False
3,1027.0,180.0,804.96,0,test,False,False,False,False,0.03283730698227183,48.76920000000007,False,0,False
9,483.0,52.64,949.04,1,test,False,False,False,False,0.00420369619225458,49.238899999999944,False,0,False
6,836.0,2035.17,1718.79,2,test,False,False,False,False,0.08050494920525952,85.28420000000006,False,0,False
2,13.0,4.67,203.52,3,test,False,False,True,True,-0.021910135863770552,20.875709999999998,False,1,False
7,1086.0,2319.81,1858.36,4,test,False,False,False,False,0.027931641410123942,26.838700000000017,False,0,False
8,1005.0,1391.37,1987.39,5,test,False,False,False,False,0.08226426451661972,18.945400000000063,False,0,False
3,182.0,347.82,384.77,6,test,False,False,False,False,0.061882260460526584,57.71785,False,0,False
3,275.0,543.74,572.73,7,test,False,False,False,False,0.07824219689998868,55.727499999999964,False,0,False
8,413.0,222.83,802.95,8,test,False,False,False,False,0.049750320210828036,25.185249999999996,False,0,False
7,756.0,1473.59,1961.96,9,test,False,False,False,False,0.1033067428004047,95.32290000000012,False,0,False
9,1165.0,1868.79,1945.95,10,test,False,False,False,False,0.03061482966382245,67.7844,False,0,False
12,1046.0,1850.85,1875.72,11,test,False,False,False,False,0.04253874322389639,40.796100000000024,False,0,False
11,273.0,502.37,862.61,12,test,False,False,False,False,0.06362552184165438,81.08835999999997,False,0,False
13,125.0,2004.61,1721.56,13,test,False,False,False,False,0.008914379461269717,36.88580000000002,False,0,False
1,780.0,366.37,516.69,14,test,False,False,False,False,0.03725497204985562,35.84029999999996,False,0,False
14,976.0,1526.58,1995.87,15,test,False,False,False,False,0.025500372227286627,106.76200000000017,False,0,False
8,266.87,252.08,880.41,16,test,False,False,False,False,0.06234901190857811,122.99549999999999,True,0,False
9,131.0,1990.0,1557.2,17,test,False,False,False,False,0.02886794733176634,4.10979999999995,False,0,False
6,290.0,814.04,1077.35,18,test,False,False,False,False,0.08497565980430621,49.82290000000012,False,0,False
3,80.0,21.05,366.87,19,test,False,False,False,False,0.02425903635278248,9.514949999999999,False,0,False
12,1077.0,32.55,1387.43,20,test,False,False,True,True,-0.026883397471757497,60.44860000000017,False,1,False
10,459.0,2183.11,1559.59,21,test,False,False,False,False,0.07922862390571578,66.94520000000011,False,0,False
10,57.0,936.89,1237.07,22,test,False,False,False,False,0.05361526444019493,51.07670000000007,False,0,False
14,767.0,186.47,1292.77,23,test,False,False,True,True,-0.03161034545043184,5.730600000000095,False,1,False
8,1053.0,1864.01,1794.57,24,test,False,False,False,False,0.056764828817272184,54.61310000000003,False,0,False
6,1044.0,47.46,1133.45,25,test,False,False,True,True,-0.004568141006749182,80.38930000000005,False,1,False
2,423.0,1639.17,1367.64,26,test,False,False,False,False,0.05043474304351958,7.764400000000023,False,0,False
6,697.0,651.64,1237.71,27,test,False,False,False,False,0.10314517326697176,3.0470000000000255,False,0,False
1,1068.0,2011.28,1421.45,28,test,False,False,True,True,-0.01824769233474921,32.00459999999998,False,1,False
4,1048.0,279.75,780.15,29,test,False,False,False,False,0.04017259745186785,70.57360000000006,False,0,False
7,671.0,1262.85,1600.42,30,test,False,False,False,False,0.09989816577650007,71.41300000000001,False,0,False
5,1120.0,1514.91,1658.97,31,test,False,False,False,False,0.04453473725808965,63.54259999999999,False,0,False
3,240.0,1895.67,1386.33,32,test,False,False,False,False,0.057377493900266474,9.36810000000014,False,0,False
12,1003.0,983.23,1996.18,33,test,False,False,False,False,0.05515240316660863,2.2409999999999854,False,0,False
1,822.0,2170.53,1374.91,34,test,False,False,False,False,0.012604930171056239,55.04589999999985,False,0,False
8,297.64,481.09,835.08,35,test,False,False,False,False,0.09024489615934012,13.267100000000028,False,0,False
11,916.0,1036.91,2098.07,36,test,False,False,False,False,0.08410175648532842,183.72320000000013,True,0,False
5,755.0,1584.41,1729.08,37,test,False,False,False,False,0.10665222527430412,1.9408000000000811,False,0,False
1,359.62,221.15,255.57,38,test,False,False,False,False,0.017500351742735454,30.07416999999998,False,0,False
5,132.0,2387.03,1454.05,39,test,False,False,False,False,0.015333305991683144,63.66090000000008,False,0,False
10,1192.0,23.47,1157.87,40,test,False,False,True,True,-0.05468130180979813,176.6141,True,1,False
9,1012.0,1429.04,1880.76,41,test,False,False,False,False,0.06871002353294176,135.79860000000008,True,0,False
9,578.0,1167.71,1587.21,42,test,False,False,False,False,0.08664190621248508,17.668300000000045,False,0,False
4,477.0,18.97,631.5,43,test,False,False,False,False,0.014100951219811919,40.9547,False,0,False
14,414.0,1919.7,1918.89,44,test,False,False,False,False,0.011591222557500336,15.085800000000063,False,0,False
10,5.0,1338.9,1610.25,45,test,False,False,True,True,-0.006531540181348494,131.14750000000004,True,1,False
2,1175.0,816.2,1237.62,46,test,False,False,True,True,-0.008996849439002585,105.22609999999986,False,1,False
3,1158.0,1107.4,1361.3,47,test,False,False,False,False,0.026784043295183912,78.74710000000005,False,0,False
6,522.0,1210.87,1577.01,48,test,False,False,False,False,0.09176085272358919,8.463400000000092,False,0,False
11,448.0,732.79,1090.35,49,test,False,False,False,False,0.06488263952994722,141.8819000000001,True,0,False
8,323.0,46.48,703.45,50,test,False,False,False,False,0.023271342808438344,83.86914999999999,False,0,False
4,184.0,983.77,1202.69,51,test,False,False,False,False,0.09070803985125903,46.7192,False,0,False
7,950.0,1739.62,2032.23,52,test,False,False,False,False,0.08256353218271206,124.63429999999994,True,0,False
3,1159.0,2209.44,1434.84,53,test,False,False,False,False,0.010987292488572553,64.89730000000009,False,0,False
8,372.0,348.37,950.24,54,test,False,False,False,False,0.08035344814681278,118.9665,True,0,False
3,127.0,293.49,303.2,55,test,False,False,False,False,0.04821258060508149,32.33100000000002,False,0,False
6,907.0,1650.17,1737.86,56,test,False,False,False,False,0.08373310790602984,96.51570000000015,False,0,False
1,432.0,581.71,448.34,57,test,False,False,False,False,0.039846820779272596,100.72449999999998,False,0,False
10,631.0,1220.71,1730.86,58,test,False,False,False,False,0.09342105275408358,0.35560000000009495,False,0,False
2,1139.0,306.43,726.14,59,test,False,False,False,False,4.916773734819913e-07,69.30472999999995,False,0,False
1,716.0,1396.41,1376.59,60,test,False,False,False,False,0.0500687710052351,31.87369999999987,False,0,False
8,392.0,661.27,978.13,61,test,False,False,False,False,0.09284219418846601,21.043700000000058,False,0,False
3,375.0,1346.21,1339.93,62,test,False,False,False,False,0.07508882753634527,49.44479999999999,False,0,False
4,262.0,1681.28,1435.34,63,test,False,False,False,False,0.07462755045024116,39.82690000000002,False,0,False
11,532.0,2419.86,1653.69,64,test,False,False,False,False,0.05404985072955315,24.11519999999996,False,0,False
1,250.0,1300.17,1145.33,65,test,False,False,False,False,0.04093348022025001,40.81849999999986,False,0,False
3,307.0,266.21,540.97,66,test,False,False,False,False,0.06398183137552593,14.93405000000007,False,0,False
3,606.0,1184.23,1364.54,67,test,False,False,False,False,0.09826183411364398,57.84050000000002,False,0,False
11,17.0,550.58,830.07,68,test,False,False,False,False,0.009471640868843445,40.872999999999934,False,0,False
6,924.0,1227.21,1871.76,69,test,False,False,False,False,0.0852828934382121,45.854499999999916,False,0,False
7,1126.0,1103.75,2014.72,70,test,False,False,False,False,0.05494621897592755,54.237499999999955,False,0,False
10,273.0,799.9,1155.05,71,test,False,False,False,False,0.08097765387162398,21.19080000000008,False,0,False
1,309.0,1211.37,1110.55,72,test,False,False,False,False,0.05096960729799549,25.522899999999936,False,0,False
12,307.0,957.17,1432.75,73,test,False,False,False,False,0.06359990911863189,48.40859999999998,False,0,False
12,96.0,1164.37,1553.21,74,test,False,False,False,False,0.044658465148989857,59.368600000000015,False,0,False
8,467.0,1178.71,1483.33,75,test,False,False,False,False,0.09572212395358898,30.694400000000087,False,0,False
10,150.0,418.41,844.9,76,test,False,False,False,False,0.04918899673882071,64.09569999999997,False,0,False
4,205.0,545.57,682.22,77,test,False,False,False,False,0.08670003005593419,11.32000000000005,False,0,False
2,1189.0,1164.74,1666.52,78,test,False,False,True,True,-0.012239785687784943,242.8826999999999,True,1,False
10,1083.0,2105.36,1844.58,79,test,False,False,False,False,0.06010677877318571,64.02790000000005,False,0,False
5,36.0,2022.94,1410.58,80,test,False,False,False,False,0.010718104614469648,39.22620000000006,False,0,False
6,471.0,332.51,872.19,81,test,False,False,False,False,0.06674060902620682,27.249300000000062,False,0,False
10,643.0,2263.77,1685.92,82,test,False,False,False,False,0.08310412764021025,7.142800000000079,False,0,False
11,24.0,2029.04,1569.37,83,test,False,False,False,False,0.001131916592743254,10.7175000000002,False,0,False
12,714.0,2003.23,1829.06,84,test,False,False,False,False,0.08485526638558782,37.07770000000005,False,0,False
4,305.0,125.79,664.43,85,test,False,False,False,False,0.04236016539858234,76.0892,False,0,False
14,296.0,485.68,924.9,86,test,False,False,False,False,0.0004417569188980286,213.30430000000013,True,0,False
11,741.0,1207.39,1878.06,87,test,False,False,False,False,0.09363431164351432,15.64059999999995,False,0,False
12,986.0,2390.92,1760.0,88,test,False,False,False,False,0.029752920661330395,65.84570000000008,False,0,False
8,978.0,710.43,1624.58,89,test,False,False,False,False,0.07874036804469464,68.55009999999993,False,0,False
8,1009.0,1378.07,1903.76,90,test,False,False,False,False,0.08223133283066841,78.60619999999994,False,0,False
3,80.0,517.54,457.49,91,test,False,False,False,False,0.056081003665766516,37.08870000000002,False,0,False
10,164.0,1144.9,1516.43,92,test,False,False,False,False,0.07872536805552022,2.04729999999995,False,0,False
5,840.0,941.55,1676.48,93,test,False,False,False,False,0.10908385744687954,151.99320000000012,True,0,False
5,629.0,484.34,1029.87,94,test,False,False,False,False,0.10422326991085962,73.9886499999999,False,0,False
6,761.0,530.19,1120.1,95,test,False,False,False,False,0.10762370406250554,23.286000000000058,False,0,False
1,292.0,449.83,363.02,96,test,False,False,False,False,0.04357662933858675,0.0322699999999827,False,0,False
2,370.0,1554.5,1311.23,97,test,False,False,False,False,0.05079596692664323,20.399200000000064,False,0,False
14,1158.0,2104.61,1899.69,98,test,False,False,True,True,-0.026216501894128497,127.09439999999995,True,1,False
3,1166.0,530.44,785.59,99,test,False,False,False,False,0.02072051178318468,105.9692,False,0,False
12,916.0,2394.85,1740.85,100,test,False,False,False,False,0.03504043158995007,83.02300000000014,False,0,False
14,516.0,1464.67,1842.1,101,test,False,False,False,False,0.021891831329561295,110.76120000000014,False,0,False
5,467.0,1243.31,1549.82,102,test,False,False,False,False,0.0941911524884716,30.072099999999864,False,0,False
5,654.0,1272.89,1724.68,103,test,False,False,False,False,0.10537667193669997,91.08210000000008,False,0,False
5,1076.0,190.33,879.65,104,test,False,False,False,False,0.026077081594719997,59.74170000000004,False,0,False
14,81.0,1251.97,1682.62,105,test,False,False,True,True,-0.01845173084543028,77.87630000000013,False,1,False
3,760.0,2073.25,1522.45,106,test,False,False,False,False,0.07006404593090859,20.8608999999999,False,0,False
5,714.0,617.72,1164.2,107,test,False,False,False,False,0.11490820873943186,43.09270000000015,False,0,False
4,217.0,1506.46,1455.37,108,test,False,False,False,False,0.07982618743387504,17.10019999999986,False,0,False
6,840.0,870.82,1496.46,109,test,False,False,False,False,0.10202653567762238,75.40679999999998,False,0,False
4,263.0,2469.06,1503.98,110,test,False,False,False,False,0.04299656567722687,21.811500000000024,False,0,False
2,794.32,402.31,671.06,111,test,False,False,False,False,0.05842411102317968,0.18440000000009604,False,0,False
11,663.0,2141.08,1715.29,112,test,False,False,False,False,0.09191324383383592,65.79970000000003,False,0,False
3,1136.0,1296.54,1536.6,113,test,False,False,False,False,0.03242296362482733,52.919099999999844,False,0,False
13,8.0,78.44,713.71,114,test,False,False,True,True,-0.06187589559156048,114.84645999999998,True,1,False
6,204.0,818.99,628.4,115,test,False,False,False,False,0.08281100308541883,71.05309999999997,False,0,False
5,955.0,106.86,897.78,116,test,False,False,False,False,0.03387492436041273,8.079200000000014,False,0,False
9,748.0,653.42,1249.66,117,test,False,False,False,False,0.08580061899360414,63.98720000000003,False,0,False
9,662.0,2275.59,1599.27,118,test,False,False,False,False,0.07590410314094448,38.283100000000104,False,0,False
13,63.0,107.92,710.25,119,test,False,False,True,True,-0.03271364452574144,181.06899999999996,True,1,False
9,218.0,1203.45,1561.63,120,test,False,False,False,False,0.08481762215215444,36.553300000000036,False,0,False
2,713.0,740.33,1048.28,121,test,False,False,False,False,0.06508612645054945,76.23055999999997,False,0,False
9,13.0,986.41,1271.52,122,test,False,False,False,False,0.027057570462603375,1.9563000000000557,False,0,False
12,33.0,1249.13,1707.38,123,test,False,False,False,False,0.012589414608588867,100.59950000000003,False,0,False
14,865.0,1422.11,1921.18,124,test,False,False,False,False,0.02698948010890878,119.55139999999983,True,0,False
2,301.0,769.23,731.28,125,test,False,False,False,False,0.058631612710396075,59.25319999999999,False,0,False
14,530.0,2028.06,2079.14,126,test,False,False,False,False,0.03325117104819664,149.85469999999987,True,0,False
3,512.0,1251.6,1360.76,127,test,False,False,False,False,0.08269948409998751,47.29539999999997,False,0,False
3,769.0,2497.93,1587.8,128,test,False,False,False,False,0.018155011127203524,64.91219999999998,False,0,False
3,269.0,708.05,799.12,129,test,False,False,False,False,0.08046524046659975,16.437900000000013,False,0,False
5,1010.0,2054.21,1810.37,130,test,False,False,False,False,0.0525166511146129,89.42039999999997,False,0,False
1,181.0,128.05,225.12,131,test,False,False,False,False,0.006753335216423295,8.09790000000001,False,0,False
10,872.0,2191.27,1776.62,132,test,False,False,False,False,0.08834574649041282,18.96889999999985,False,0,False
4,650.0,619.49,676.38,133,test,False,False,False,False,0.10809657903483527,11.826170000000047,False,0,False
14,1100.0,237.69,1265.57,134,test,False,False,True,True,-0.035405357235790746,113.65440000000012,True,1,False
5,66.13,848.03,1050.25,135,test,False,False,False,False,0.060043239184020436,62.77980000000002,False,0,False
12,1075.0,2328.11,1798.38,136,test,False,False,False,False,0.027731724576509742,53.95959999999991,False,0,False
4,1194.0,2250.51,1691.15,137,test,False,False,True,True,-0.007642295725518444,79.28060000000005,False,1,False
10,87.0,498.96,781.97,138,test,False,False,False,False,0.050399151902358,34.78774999999996,False,0,False
12,333.0,1103.21,1618.13,139,test,False,False,False,False,0.055193983013041126,11.377599999999802,False,0,False
7,636.0,697.02,1276.06,140,test,False,False,False,False,0.09109564645737367,33.75630000000001,False,0,False
7,623.0,1691.39,1800.86,141,test,False,False,False,False,0.08755568443300588,87.08809999999994,False,0,False
6,470.0,2235.72,1628.6,142,test,False,False,False,False,0.05726473424000489,42.73940000000016,False,0,False
2,660.0,1944.4,1531.2,143,test,False,False,False,False,0.034097877172099,50.23929999999996,False,0,False
11,650.0,524.8,1179.09,144,test,False,False,False,False,0.07399673000945362,70.27790000000005,False,0,False
6,884.0,1798.31,1897.87,145,test,False,False,False,False,0.08542019754064145,80.2471999999998,False,0,False
1,252.75,285.5,331.74,146,test,False,False,False,False,0.036606143661406354,75.12920000000003,False,0,False
1,697.0,2148.5,1421.07,147,test,False,False,False,False,0.014870461222052933,31.64020000000005,False,0,False
1,362.79,749.19,636.51,148,test,False,False,False,False,0.04028707573826851,39.40350000000001,False,0,False
3,175.0,440.19,431.17,149,test,False,False,False,False,0.06974740192917239,59.73554999999999,False,0,False
5,942.0,2092.87,1696.72,150,test,False,False,False,False,0.06284509030381924,41.86279999999988,False,0,False
2,1155.0,1517.18,1543.17,151,test,False,False,True,True,-0.0036749022535331743,34.93770000000018,False,1,False
8,1173.0,671.25,1419.34,152,test,False,False,False,False,0.03712920347943305,202.23850000000016,True,0,False
10,224.0,407.51,794.7,153,test,False,False,False,False,0.0621555417678219,24.85629999999992,False,0,False
12,466.0,1291.33,1770.37,154,test,False,False,False,False,0.06919763128027545,2.3810000000000855,False,0,False
11,1004.0,167.15,1175.65,155,test,False,False,False,False,0.012038266398964659,31.453599999999824,False,0,False
14,1090.0,2248.68,1905.5,156,test,False,False,True,True,-0.013324647838463544,73.80490000000009,False,1,False
7,738.0,730.28,1429.72,157,test,False,False,False,False,0.0932187765340387,0.15380000000004657,False,0,False
5,1004.0,2367.63,1743.85,158,test,False,False,False,False,0.02356956096392193,36.67079999999987,False,0,False
3,154.0,274.04,406.91,159,test,False,False,False,False,0.057713535836355745,9.205039999999997,False,0,False
12,675.0,2277.93,1807.33,160,test,False,False,False,False,0.0773896621038373,9.649000000000115,False,0,False
3,41.0,4.52,320.12,161,test,False,False,False,False,0.0038938111514374985,11.489919999999984,False,0,False
7,125.0,193.62,616.24,162,test,False,False,False,False,0.036586268737476724,1.9353999999999587,False,0,False
2,798.0,2334.41,1485.4,163,test,False,False,False,False,0.02043947360201992,7.835799999999836,False,0,False
10,965.0,1851.28,1805.77,164,test,False,False,False,False,0.07933538654691702,8.220599999999877,False,0,False
8,836.0,735.52,1606.63,165,test,False,False,False,False,0.09748750328755257,99.20320000000015,False,0,False
5,781.0,2114.27,1789.85,166,test,False,False,False,False,0.07768081238338581,58.38609999999994,False,0,False
2,941.0,1565.77,1432.79,167,test,False,False,False,False,0.034169924728572165,86.52880000000005,False,0,False
3,692.0,450.7,748.57,168,test,False,False,False,False,0.08574195451024108,14.521399999999971,False,0,False
12,643.0,2194.16,1758.03,169,test,False,False,False,False,0.0781171189158214,66.20890000000009,False,0,False
9,1078.0,161.85,1260.96,170,test,False,False,False,False,0.0180674439002656,88.33330000000001,False,0,False
7,1168.0,667.94,1639.55,171,test,False,False,False,False,0.030706898963795082,43.66560000000004,False,0,False
1,462.0,2047.57,1202.9,172,test,False,False,False,False,0.006690352850647452,45.051299999999856,False,0,False
12,1065.0,203.2,1408.25,173,test,False,False,False,False,0.0067862908777804876,133.6648,True,0,False
2,222.0,456.24,437.4,174,test,False,False,False,False,0.053537341588615006,11.101650000000006,False,0,False
5,521.0,1448.55,1624.01,175,test,False,False,False,False,0.09256394744742152,2.602300000000014,False,0,False
8,1124.0,1908.69,1833.27,176,test,False,False,False,False,0.0441263145283588,19.492899999999963,False,0,False
5,586.0,2135.36,1661.61,177,test,False,False,False,False,0.07147725522992576,16.17150000000015,False,0,False
13,19.0,807.27,1331.53,178,test,False,False,True,True,-0.0010822077530876495,100.09909999999991,False,1,False
5,516.0,1450.67,1547.5,179,test,False,False,False,False,0.09256394744742152,77.90869999999995,False,0,False
1,288.72,159.26,303.94,180,test,False,False,False,False,0.016652843776775894,49.569469999999995,False,0,False
5,477.0,704.42,1045.96,181,test,False,False,False,False,0.10129325605559347,8.681900000000041,False,0,False
5,262.0,1173.79,1485.59,182,test,False,False,False,False,0.09073081723160087,66.78729999999996,False,0,False
14,600.0,1120.05,1847.84,183,test,False,False,False,False,0.01756145471954751,36.22420000000011,False,0,False
11,654.0,1516.42,1870.43,184,test,False,False,False,False,0.09462821830311335,8.069899999999961,False,0,False
5,754.0,489.99,765.13,185,test,False,False,False,False,0.1157681450052056,39.08497,False,0,False
9,994.0,1742.62,1849.58,186,test,False,False,False,False,0.08122764087203688,56.32140000000004,False,0,False
13,1055.0,2005.84,1997.52,187,test,False,False,False,False,0.024047734551075672,43.730800000000045,False,0,False
1,893.0,19.76,570.71,188,test,False,False,True,True,-0.022412432441503927,24.099339999999984,False,1,False
10,834.0,1820.8,1883.49,189,test,False,False,False,False,0.0941542336293274,102.4523999999999,False,0,False
1,276.85,485.54,361.66,190,test,False,False,False,False,0.04536177515352624,23.649969999999996,False,0,False
2,752.0,958.29,1144.41,191,test,False,False,False,False,0.07774582843422595,92.87979999999993,False,0,False
6,909.0,1332.18,1720.21,192,test,False,False,False,False,0.08400174868612192,114.58739999999989,True,0,False
1,458.0,834.7,737.28,193,test,False,False,False,False,0.041006417152025465,78.87700000000007,False,0,False
14,807.0,2358.41,1819.41,194,test,False,False,True,True,-0.0003462319328225716,110.71989999999983,False,1,False
3,471.0,288.19,535.67,195,test,False,False,False,False,0.057516104581537775,76.96776,False,0,False
12,37.0,52.65,789.01,196,test,False,False,True,True,-0.03750883863450183,53.07299999999998,False,1,False
5,261.0,464.94,621.12,197,test,False,False,False,False,0.09581015461241382,95.58899999999994,False,0,False
5,195.73,1228.49,511.23,198,test,False,False,False,False,0.09052260219905528,47.94634000000002,False,0,False
9,463.0,1024.53,1476.48,199,test,False,False,False,False,0.08563138081165633,22.815900000000056,False,0,False
